DP,DPNOM,AÑO,ÁREA GEOGRÁFICA,Población
5.0,Antioquia,2020.0,Cabecera,5.250.157
5.0,Antioquia,2020.0,Centros Poblados y Rural Disperso,1.399.244
5.0,Antioquia,2020.0,Total,6.649.401
5.0,Antioquia,2021.0,Cabecera,5.350.556
5.0,Antioquia,2021.0,Centros Poblados y Rural Disperso,1.375.663
5.0,Antioquia,2021.0,Total,6.726.219
5.0,Antioquia,2022.0,Cabecera,5.424.921
5.0,Antioquia,2022.0,Centros Poblados y Rural Disperso,1.362.925
5.0,Antioquia,2022.0,Total,6.787.846
5.0,Antioquia,2023.0,Cabecera,5.494.521
5.0,Antioquia,2023.0,Centros Poblados y Rural Disperso,1.353.839
5.0,Antioquia,2023.0,Total,6.848.360
5.0,Antioquia,2024.0,Cabecera,5.551.824
5.0,Antioquia,2024.0,Centros Poblados y Rural Disperso,1.351.897
5.0,Antioquia,2024.0,Total,6.903.721
5.0,Antioquia,2025.0,Cabecera,5.600.952
5.0,Antioquia,2025.0,Centros Poblados y Rural Disperso,1.350.873
5.0,Antioquia,2025.0,Total,6.951.825
5.0,Antioquia,2026.0,Cabecera,5.643.692
5.0,Antioquia,2026.0,Centros Poblados y Rural Disperso,1.350.625
5.0,Antioquia,2026.0,Total,6.994.317
5.0,Antioquia,2027.0,Cabecera,5.681.698
5.0,Antioquia,2027.0,Centros Poblados y Rural Disperso,1.351.697
5.0,Antioquia,2027.0,Total,7.033.395
5.0,Antioquia,2028.0,Cabecera,5.715.714
5.0,Antioquia,2028.0,Centros Poblados y Rural Disperso,1.354.277
5.0,Antioquia,2028.0,Total,7.069.991
5.0,Antioquia,2029.0,Cabecera,5.746.268
5.0,Antioquia,2029.0,Centros Poblados y Rural Disperso,1.358.617
5.0,Antioquia,2029.0,Total,7.104.885
5.0,Antioquia,2030.0,Cabecera,5.773.785
5.0,Antioquia,2030.0,Centros Poblados y Rural Disperso,1.364.893
5.0,Antioquia,2030.0,Total,7.138.678
5.0,Antioquia,2031.0,Cabecera,5.799.053
5.0,Antioquia,2031.0,Centros Poblados y Rural Disperso,1.372.223
5.0,Antioquia,2031.0,Total,7.171.276
5.0,Antioquia,2032.0,Cabecera,5.822.958
5.0,Antioquia,2032.0,Centros Poblados y Rural Disperso,1.379.324
5.0,Antioquia,2032.0,Total,7.202.282
5.0,Antioquia,2033.0,Cabecera,5.845.357
5.0,Antioquia,2033.0,Centros Poblados y Rural Disperso,1.386.272
5.0,Antioquia,2033.0,Total,7.231.629
5.0,Antioquia,2034.0,Cabecera,5.866.126
5.0,Antioquia,2034.0,Centros Poblados y Rural Disperso,1.393.156
5.0,Antioquia,2034.0,Total,7.259.282
5.0,Antioquia,2035.0,Cabecera,5.885.450
5.0,Antioquia,2035.0,Centros Poblados y Rural Disperso,1.399.760
5.0,Antioquia,2035.0,Total,7.285.210
5.0,Antioquia,2036.0,Total,7.309.257
5.0,Antioquia,2037.0,Total,7.331.280
5.0,Antioquia,2038.0,Total,7.351.263
5.0,Antioquia,2039.0,Total,7.369.211
5.0,Antioquia,2040.0,Total,7.385.129
5.0,Antioquia,2041.0,Total,7.399.045
5.0,Antioquia,2042.0,Total,7.411.001
5.0,Antioquia,2043.0,Total,7.421.042
5.0,Antioquia,2044.0,Total,7.429.184
5.0,Antioquia,2045.0,Total,7.435.448
5.0,Antioquia,2046.0,Total,7.439.880
5.0,Antioquia,2047.0,Total,7.442.534
5.0,Antioquia,2048.0,Total,7.443.453
5.0,Antioquia,2049.0,Total,7.442.657
5.0,Antioquia,2050.0,Total,7.440.163
8.0,Atlántico,2020.0,Cabecera,2.556.249
8.0,Atlántico,2020.0,Centros Poblados y Rural Disperso,137.416
8.0,Atlántico,2020.0,Total,2.693.665
8.0,Atlántico,2021.0,Cabecera,2.601.879
8.0,Atlántico,2021.0,Centros Poblados y Rural Disperso,139.123
8.0,Atlántico,2021.0,Total,2.741.002
8.0,Atlántico,2022.0,Cabecera,2.634.865
8.0,Atlántico,2022.0,Centros Poblados y Rural Disperso,140.093
8.0,Atlántico,2022.0,Total,2.774.958
8.0,Atlántico,2023.0,Cabecera,2.662.451
8.0,Atlántico,2023.0,Centros Poblados y Rural Disperso,141.114
8.0,Atlántico,2023.0,Total,2.803.565
8.0,Atlántico,2024.0,Cabecera,2.685.141
8.0,Atlántico,2024.0,Centros Poblados y Rural Disperso,141.983
8.0,Atlántico,2024.0,Total,2.827.124
8.0,Atlántico,2025.0,Cabecera,2.702.376
8.0,Atlántico,2025.0,Centros Poblados y Rural Disperso,142.793
8.0,Atlántico,2025.0,Total,2.845.169
8.0,Atlántico,2026.0,Cabecera,2.715.635
8.0,Atlántico,2026.0,Centros Poblados y Rural Disperso,143.504
8.0,Atlántico,2026.0,Total,2.859.139
8.0,Atlántico,2027.0,Cabecera,2.726.274
8.0,Atlántico,2027.0,Centros Poblados y Rural Disperso,144.242
8.0,Atlántico,2027.0,Total,2.870.516
8.0,Atlántico,2028.0,Cabecera,2.735.164
8.0,Atlántico,2028.0,Centros Poblados y Rural Disperso,145.041
8.0,Atlántico,2028.0,Total,2.880.205
8.0,Atlántico,2029.0,Cabecera,2.743.010
8.0,Atlántico,2029.0,Centros Poblados y Rural Disperso,145.951
8.0,Atlántico,2029.0,Total,2.888.961
8.0,Atlántico,2030.0,Cabecera,2.750.423
8.0,Atlántico,2030.0,Centros Poblados y Rural Disperso,147.000
8.0,Atlántico,2030.0,Total,2.897.423
8.0,Atlántico,2031.0,Cabecera,2.757.452
8.0,Atlántico,2031.0,Centros Poblados y Rural Disperso,148.143
8.0,Atlántico,2031.0,Total,2.905.595
8.0,Atlántico,2032.0,Cabecera,2.763.872
8.0,Atlántico,2032.0,Centros Poblados y Rural Disperso,149.293
8.0,Atlántico,2032.0,Total,2.913.165
8.0,Atlántico,2033.0,Cabecera,2.769.680
8.0,Atlántico,2033.0,Centros Poblados y Rural Disperso,150.439
8.0,Atlántico,2033.0,Total,2.920.119
8.0,Atlántico,2034.0,Cabecera,2.774.895
8.0,Atlántico,2034.0,Centros Poblados y Rural Disperso,151.582
8.0,Atlántico,2034.0,Total,2.926.477
8.0,Atlántico,2035.0,Cabecera,2.779.522
8.0,Atlántico,2035.0,Centros Poblados y Rural Disperso,152.749
8.0,Atlántico,2035.0,Total,2.932.271
8.0,Atlántico,2036.0,Total,2.937.348
8.0,Atlántico,2037.0,Total,2.941.562
8.0,Atlántico,2038.0,Total,2.944.931
8.0,Atlántico,2039.0,Total,2.947.480
8.0,Atlántico,2040.0,Total,2.949.193
8.0,Atlántico,2041.0,Total,2.950.056
8.0,Atlántico,2042.0,Total,2.950.092
8.0,Atlántico,2043.0,Total,2.949.327
8.0,Atlántico,2044.0,Total,2.947.768
8.0,Atlántico,2045.0,Total,2.945.403
8.0,Atlántico,2046.0,Total,2.942.251
8.0,Atlántico,2047.0,Total,2.938.348
8.0,Atlántico,2048.0,Total,2.933.690
8.0,Atlántico,2049.0,Total,2.928.280
8.0,Atlántico,2050.0,Total,2.922.132
11.0,"Bogotá, D.C.",2020.0,Cabecera,7.704.034
11.0,"Bogotá, D.C.",2020.0,Centros Poblados y Rural Disperso,28.127
11.0,"Bogotá, D.C.",2020.0,Total,7.732.161
11.0,"Bogotá, D.C.",2021.0,Cabecera,7.793.869
11.0,"Bogotá, D.C.",2021.0,Centros Poblados y Rural Disperso,29.465
11.0,"Bogotá, D.C.",2021.0,Total,7.823.334
11.0,"Bogotá, D.C.",2022.0,Cabecera,7.842.853
11.0,"Bogotá, D.C.",2022.0,Centros Poblados y Rural Disperso,30.463
11.0,"Bogotá, D.C.",2022.0,Total,7.873.316
11.0,"Bogotá, D.C.",2023.0,Cabecera,7.875.957
11.0,"Bogotá, D.C.",2023.0,Centros Poblados y Rural Disperso,31.324
11.0,"Bogotá, D.C.",2023.0,Total,7.907.281
11.0,"Bogotá, D.C.",2024.0,Cabecera,7.897.503
11.0,"Bogotá, D.C.",2024.0,Centros Poblados y Rural Disperso,32.036
11.0,"Bogotá, D.C.",2024.0,Total,7.929.539
11.0,"Bogotá, D.C.",2025.0,Cabecera,7.905.282
11.0,"Bogotá, D.C.",2025.0,Centros Poblados y Rural Disperso,32.616
11.0,"Bogotá, D.C.",2025.0,Total,7.937.898
11.0,"Bogotá, D.C.",2026.0,Cabecera,7.902.685
11.0,"Bogotá, D.C.",2026.0,Centros Poblados y Rural Disperso,33.069
11.0,"Bogotá, D.C.",2026.0,Total,7.935.754
11.0,"Bogotá, D.C.",2027.0,Cabecera,7.894.481
11.0,"Bogotá, D.C.",2027.0,Centros Poblados y Rural Disperso,33.410
11.0,"Bogotá, D.C.",2027.0,Total,7.927.891
11.0,"Bogotá, D.C.",2028.0,Cabecera,7.882.730
11.0,"Bogotá, D.C.",2028.0,Centros Poblados y Rural Disperso,33.639
11.0,"Bogotá, D.C.",2028.0,Total,7.916.369
11.0,"Bogotá, D.C.",2029.0,Cabecera,7.869.122
11.0,"Bogotá, D.C.",2029.0,Centros Poblados y Rural Disperso,33.788
11.0,"Bogotá, D.C.",2029.0,Total,7.902.910
11.0,"Bogotá, D.C.",2030.0,Cabecera,7.854.979
11.0,"Bogotá, D.C.",2030.0,Centros Poblados y Rural Disperso,33.859
11.0,"Bogotá, D.C.",2030.0,Total,7.888.838
11.0,"Bogotá, D.C.",2031.0,Cabecera,7.840.231
11.0,"Bogotá, D.C.",2031.0,Centros Poblados y Rural Disperso,33.872
11.0,"Bogotá, D.C.",2031.0,Total,7.874.103
11.0,"Bogotá, D.C.",2032.0,Cabecera,7.824.205
11.0,"Bogotá, D.C.",2032.0,Centros Poblados y Rural Disperso,33.881
11.0,"Bogotá, D.C.",2032.0,Total,7.858.086
11.0,"Bogotá, D.C.",2033.0,Cabecera,7.806.885
11.0,"Bogotá, D.C.",2033.0,Centros Poblados y Rural Disperso,33.872
11.0,"Bogotá, D.C.",2033.0,Total,7.840.757
11.0,"Bogotá, D.C.",2034.0,Cabecera,7.788.301
11.0,"Bogotá, D.C.",2034.0,Centros Poblados y Rural Disperso,33.844
11.0,"Bogotá, D.C.",2034.0,Total,7.822.145
11.0,"Bogotá, D.C.",2035.0,Cabecera,7.768.475
11.0,"Bogotá, D.C.",2035.0,Centros Poblados y Rural Disperso,33.822
11.0,"Bogotá, D.C.",2035.0,Total,7.802.297
11.0,"Bogotá, D.C.",2036.0,Total,7.781.033
11.0,"Bogotá, D.C.",2037.0,Total,7.758.141
11.0,"Bogotá, D.C.",2038.0,Total,7.733.665
11.0,"Bogotá, D.C.",2039.0,Total,7.707.627
11.0,"Bogotá, D.C.",2040.0,Total,7.680.042
11.0,"Bogotá, D.C.",2041.0,Total,7.650.959
11.0,"Bogotá, D.C.",2042.0,Total,7.620.440
11.0,"Bogotá, D.C.",2043.0,Total,7.588.563
11.0,"Bogotá, D.C.",2044.0,Total,7.555.365
11.0,"Bogotá, D.C.",2045.0,Total,7.520.887
11.0,"Bogotá, D.C.",2046.0,Total,7.485.228
11.0,"Bogotá, D.C.",2047.0,Total,7.448.480
11.0,"Bogotá, D.C.",2048.0,Total,7.410.680
11.0,"Bogotá, D.C.",2049.0,Total,7.371.877
11.0,"Bogotá, D.C.",2050.0,Total,7.332.164
13.0,Bolívar,2020.0,Cabecera,1.606.341
13.0,Bolívar,2020.0,Centros Poblados y Rural Disperso,562.953
13.0,Bolívar,2020.0,Total,2.169.294
13.0,Bolívar,2021.0,Cabecera,1.624.099
13.0,Bolívar,2021.0,Centros Poblados y Rural Disperso,578.674
13.0,Bolívar,2021.0,Total,2.202.773
13.0,Bolívar,2022.0,Cabecera,1.635.733
13.0,Bolívar,2022.0,Centros Poblados y Rural Disperso,591.451
13.0,Bolívar,2022.0,Total,2.227.184
13.0,Bolívar,2023.0,Cabecera,1.644.271
13.0,Bolívar,2023.0,Centros Poblados y Rural Disperso,603.012
13.0,Bolívar,2023.0,Total,2.247.283
13.0,Bolívar,2024.0,Cabecera,1.651.875
13.0,Bolívar,2024.0,Centros Poblados y Rural Disperso,612.648
13.0,Bolívar,2024.0,Total,2.264.523
13.0,Bolívar,2025.0,Cabecera,1.657.867
13.0,Bolívar,2025.0,Centros Poblados y Rural Disperso,620.903
13.0,Bolívar,2025.0,Total,2.278.770
13.0,Bolívar,2026.0,Cabecera,1.662.490
13.0,Bolívar,2026.0,Centros Poblados y Rural Disperso,628.248
13.0,Bolívar,2026.0,Total,2.290.738
13.0,Bolívar,2027.0,Cabecera,1.666.360
13.0,Bolívar,2027.0,Centros Poblados y Rural Disperso,634.858
13.0,Bolívar,2027.0,Total,2.301.218
13.0,Bolívar,2028.0,Cabecera,1.669.760
13.0,Bolívar,2028.0,Centros Poblados y Rural Disperso,640.877
13.0,Bolívar,2028.0,Total,2.310.637
13.0,Bolívar,2029.0,Cabecera,1.672.978
13.0,Bolívar,2029.0,Centros Poblados y Rural Disperso,646.372
13.0,Bolívar,2029.0,Total,2.319.350
13.0,Bolívar,2030.0,Cabecera,1.676.243
13.0,Bolívar,2030.0,Centros Poblados y Rural Disperso,651.473
13.0,Bolívar,2030.0,Total,2.327.716
13.0,Bolívar,2031.0,Cabecera,1.679.316
13.0,Bolívar,2031.0,Centros Poblados y Rural Disperso,656.450
13.0,Bolívar,2031.0,Total,2.335.766
13.0,Bolívar,2032.0,Cabecera,1.681.983
13.0,Bolívar,2032.0,Centros Poblados y Rural Disperso,661.322
13.0,Bolívar,2032.0,Total,2.343.305
13.0,Bolívar,2033.0,Cabecera,1.684.246
13.0,Bolívar,2033.0,Centros Poblados y Rural Disperso,666.063
13.0,Bolívar,2033.0,Total,2.350.309
13.0,Bolívar,2034.0,Cabecera,1.686.095
13.0,Bolívar,2034.0,Centros Poblados y Rural Disperso,670.713
13.0,Bolívar,2034.0,Total,2.356.808
13.0,Bolívar,2035.0,Cabecera,1.687.495
13.0,Bolívar,2035.0,Centros Poblados y Rural Disperso,675.322
13.0,Bolívar,2035.0,Total,2.362.817
13.0,Bolívar,2036.0,Total,2.368.242
13.0,Bolívar,2037.0,Total,2.372.995
13.0,Bolívar,2038.0,Total,2.377.090
13.0,Bolívar,2039.0,Total,2.380.558
13.0,Bolívar,2040.0,Total,2.383.373
13.0,Bolívar,2041.0,Total,2.385.520
13.0,Bolívar,2042.0,Total,2.387.029
13.0,Bolívar,2043.0,Total,2.387.909
13.0,Bolívar,2044.0,Total,2.388.144
13.0,Bolívar,2045.0,Total,2.387.722
13.0,Bolívar,2046.0,Total,2.386.664
13.0,Bolívar,2047.0,Total,2.384.987
13.0,Bolívar,2048.0,Total,2.382.683
13.0,Bolívar,2049.0,Total,2.379.746
13.0,Bolívar,2050.0,Total,2.376.170
15.0,Boyacá,2020.0,Cabecera,742.548
15.0,Boyacá,2020.0,Centros Poblados y Rural Disperso,514.741
15.0,Boyacá,2020.0,Total,1.257.289
15.0,Boyacá,2021.0,Cabecera,758.077
15.0,Boyacá,2021.0,Centros Poblados y Rural Disperso,513.562
15.0,Boyacá,2021.0,Total,1.271.639
15.0,Boyacá,2022.0,Cabecera,772.082
15.0,Boyacá,2022.0,Centros Poblados y Rural Disperso,512.953
15.0,Boyacá,2022.0,Total,1.285.035
15.0,Boyacá,2023.0,Cabecera,786.220
15.0,Boyacá,2023.0,Centros Poblados y Rural Disperso,512.580
15.0,Boyacá,2023.0,Total,1.298.800
15.0,Boyacá,2024.0,Cabecera,798.089
15.0,Boyacá,2024.0,Centros Poblados y Rural Disperso,513.894
15.0,Boyacá,2024.0,Total,1.311.983
15.0,Boyacá,2025.0,Cabecera,808.583
15.0,Boyacá,2025.0,Centros Poblados y Rural Disperso,515.539
15.0,Boyacá,2025.0,Total,1.324.122
15.0,Boyacá,2026.0,Cabecera,817.954
15.0,Boyacá,2026.0,Centros Poblados y Rural Disperso,517.456
15.0,Boyacá,2026.0,Total,1.335.410
15.0,Boyacá,2027.0,Cabecera,826.470
15.0,Boyacá,2027.0,Centros Poblados y Rural Disperso,519.694
15.0,Boyacá,2027.0,Total,1.346.164
15.0,Boyacá,2028.0,Cabecera,834.211
15.0,Boyacá,2028.0,Centros Poblados y Rural Disperso,522.251
15.0,Boyacá,2028.0,Total,1.356.462
15.0,Boyacá,2029.0,Cabecera,841.137
15.0,Boyacá,2029.0,Centros Poblados y Rural Disperso,525.242
15.0,Boyacá,2029.0,Total,1.366.379
15.0,Boyacá,2030.0,Cabecera,847.379
15.0,Boyacá,2030.0,Centros Poblados y Rural Disperso,528.608
15.0,Boyacá,2030.0,Total,1.375.987
15.0,Boyacá,2031.0,Cabecera,853.099
15.0,Boyacá,2031.0,Centros Poblados y Rural Disperso,532.209
15.0,Boyacá,2031.0,Total,1.385.308
15.0,Boyacá,2032.0,Cabecera,858.548
15.0,Boyacá,2032.0,Centros Poblados y Rural Disperso,535.752
15.0,Boyacá,2032.0,Total,1.394.300
15.0,Boyacá,2033.0,Cabecera,863.750
15.0,Boyacá,2033.0,Centros Poblados y Rural Disperso,539.183
15.0,Boyacá,2033.0,Total,1.402.933
15.0,Boyacá,2034.0,Cabecera,868.655
15.0,Boyacá,2034.0,Centros Poblados y Rural Disperso,542.551
15.0,Boyacá,2034.0,Total,1.411.206
15.0,Boyacá,2035.0,Cabecera,873.284
15.0,Boyacá,2035.0,Centros Poblados y Rural Disperso,545.833
15.0,Boyacá,2035.0,Total,1.419.117
15.0,Boyacá,2036.0,Total,1.426.651
15.0,Boyacá,2037.0,Total,1.433.789
15.0,Boyacá,2038.0,Total,1.440.529
15.0,Boyacá,2039.0,Total,1.446.876
15.0,Boyacá,2040.0,Total,1.452.834
15.0,Boyacá,2041.0,Total,1.458.399
15.0,Boyacá,2042.0,Total,1.463.577
15.0,Boyacá,2043.0,Total,1.468.365
15.0,Boyacá,2044.0,Total,1.472.764
15.0,Boyacá,2045.0,Total,1.476.767
15.0,Boyacá,2046.0,Total,1.480.369
15.0,Boyacá,2047.0,Total,1.483.587
15.0,Boyacá,2048.0,Total,1.486.423
15.0,Boyacá,2049.0,Total,1.488.871
15.0,Boyacá,2050.0,Total,1.490.926
17.0,Caldas,2020.0,Cabecera,769.688
17.0,Caldas,2020.0,Centros Poblados y Rural Disperso,251.747
17.0,Caldas,2020.0,Total,1.021.435
17.0,Caldas,2021.0,Cabecera,780.970
17.0,Caldas,2021.0,Centros Poblados y Rural Disperso,247.665
17.0,Caldas,2021.0,Total,1.028.635
17.0,Caldas,2022.0,Cabecera,790.023
17.0,Caldas,2022.0,Centros Poblados y Rural Disperso,244.128
17.0,Caldas,2022.0,Total,1.034.151
17.0,Caldas,2023.0,Cabecera,798.911
17.0,Caldas,2023.0,Centros Poblados y Rural Disperso,241.373
17.0,Caldas,2023.0,Total,1.040.284
17.0,Caldas,2024.0,Cabecera,806.309
17.0,Caldas,2024.0,Centros Poblados y Rural Disperso,239.801
17.0,Caldas,2024.0,Total,1.046.110
17.0,Caldas,2025.0,Cabecera,812.660
17.0,Caldas,2025.0,Centros Poblados y Rural Disperso,238.622
17.0,Caldas,2025.0,Total,1.051.282
17.0,Caldas,2026.0,Cabecera,818.170
17.0,Caldas,2026.0,Centros Poblados y Rural Disperso,237.755
17.0,Caldas,2026.0,Total,1.055.925
17.0,Caldas,2027.0,Cabecera,822.984
17.0,Caldas,2027.0,Centros Poblados y Rural Disperso,237.261
17.0,Caldas,2027.0,Total,1.060.245
17.0,Caldas,2028.0,Cabecera,827.210
17.0,Caldas,2028.0,Centros Poblados y Rural Disperso,237.114
17.0,Caldas,2028.0,Total,1.064.324
17.0,Caldas,2029.0,Cabecera,830.858
17.0,Caldas,2029.0,Centros Poblados y Rural Disperso,237.360
17.0,Caldas,2029.0,Total,1.068.218
17.0,Caldas,2030.0,Cabecera,833.942
17.0,Caldas,2030.0,Centros Poblados y Rural Disperso,238.036
17.0,Caldas,2030.0,Total,1.071.978
17.0,Caldas,2031.0,Cabecera,836.636
17.0,Caldas,2031.0,Centros Poblados y Rural Disperso,238.962
17.0,Caldas,2031.0,Total,1.075.598
17.0,Caldas,2032.0,Cabecera,839.176
17.0,Caldas,2032.0,Centros Poblados y Rural Disperso,239.847
17.0,Caldas,2032.0,Total,1.079.023
17.0,Caldas,2033.0,Cabecera,841.543
17.0,Caldas,2033.0,Centros Poblados y Rural Disperso,240.698
17.0,Caldas,2033.0,Total,1.082.241
17.0,Caldas,2034.0,Cabecera,843.718
17.0,Caldas,2034.0,Centros Poblados y Rural Disperso,241.533
17.0,Caldas,2034.0,Total,1.085.251
17.0,Caldas,2035.0,Cabecera,845.689
17.0,Caldas,2035.0,Centros Poblados y Rural Disperso,242.349
17.0,Caldas,2035.0,Total,1.088.038
17.0,Caldas,2036.0,Total,1.090.575
17.0,Caldas,2037.0,Total,1.092.847
17.0,Caldas,2038.0,Total,1.094.856
17.0,Caldas,2039.0,Total,1.096.595
17.0,Caldas,2040.0,Total,1.098.062
17.0,Caldas,2041.0,Total,1.099.257
17.0,Caldas,2042.0,Total,1.100.185
17.0,Caldas,2043.0,Total,1.100.852
17.0,Caldas,2044.0,Total,1.101.268
17.0,Caldas,2045.0,Total,1.101.438
17.0,Caldas,2046.0,Total,1.101.369
17.0,Caldas,2047.0,Total,1.101.074
17.0,Caldas,2048.0,Total,1.100.556
17.0,Caldas,2049.0,Total,1.099.812
17.0,Caldas,2050.0,Total,1.098.853
18.0,Caquetá,2020.0,Cabecera,268.652
18.0,Caquetá,2020.0,Centros Poblados y Rural Disperso,145.036
18.0,Caquetá,2020.0,Total,413.688
18.0,Caquetá,2021.0,Cabecera,272.904
18.0,Caquetá,2021.0,Centros Poblados y Rural Disperso,145.363
18.0,Caquetá,2021.0,Total,418.267
18.0,Caquetá,2022.0,Cabecera,276.155
18.0,Caquetá,2022.0,Centros Poblados y Rural Disperso,145.642
18.0,Caquetá,2022.0,Total,421.797
18.0,Caquetá,2023.0,Cabecera,278.964
18.0,Caquetá,2023.0,Centros Poblados y Rural Disperso,146.089
18.0,Caquetá,2023.0,Total,425.053
18.0,Caquetá,2024.0,Cabecera,281.414
18.0,Caquetá,2024.0,Centros Poblados y Rural Disperso,146.748
18.0,Caquetá,2024.0,Total,428.162
18.0,Caquetá,2025.0,Cabecera,283.439
18.0,Caquetá,2025.0,Centros Poblados y Rural Disperso,147.445
18.0,Caquetá,2025.0,Total,430.884
18.0,Caquetá,2026.0,Cabecera,285.050
18.0,Caquetá,2026.0,Centros Poblados y Rural Disperso,148.197
18.0,Caquetá,2026.0,Total,433.247
18.0,Caquetá,2027.0,Cabecera,286.313
18.0,Caquetá,2027.0,Centros Poblados y Rural Disperso,149.076
18.0,Caquetá,2027.0,Total,435.389
18.0,Caquetá,2028.0,Cabecera,287.290
18.0,Caquetá,2028.0,Centros Poblados y Rural Disperso,150.036
18.0,Caquetá,2028.0,Total,437.326
18.0,Caquetá,2029.0,Cabecera,287.910
18.0,Caquetá,2029.0,Centros Poblados y Rural Disperso,151.153
18.0,Caquetá,2029.0,Total,439.063
18.0,Caquetá,2030.0,Cabecera,288.223
18.0,Caquetá,2030.0,Centros Poblados y Rural Disperso,152.401
18.0,Caquetá,2030.0,Total,440.624
18.0,Caquetá,2031.0,Cabecera,288.283
18.0,Caquetá,2031.0,Centros Poblados y Rural Disperso,153.741
18.0,Caquetá,2031.0,Total,442.024
18.0,Caquetá,2032.0,Cabecera,288.272
18.0,Caquetá,2032.0,Centros Poblados y Rural Disperso,154.986
18.0,Caquetá,2032.0,Total,443.258
18.0,Caquetá,2033.0,Cabecera,288.114
18.0,Caquetá,2033.0,Centros Poblados y Rural Disperso,156.210
18.0,Caquetá,2033.0,Total,444.324
18.0,Caquetá,2034.0,Cabecera,287.825
18.0,Caquetá,2034.0,Centros Poblados y Rural Disperso,157.394
18.0,Caquetá,2034.0,Total,445.219
18.0,Caquetá,2035.0,Cabecera,287.422
18.0,Caquetá,2035.0,Centros Poblados y Rural Disperso,158.520
18.0,Caquetá,2035.0,Total,445.942
18.0,Caquetá,2036.0,Total,446.498
18.0,Caquetá,2037.0,Total,446.878
18.0,Caquetá,2038.0,Total,447.076
18.0,Caquetá,2039.0,Total,447.099
18.0,Caquetá,2040.0,Total,446.952
18.0,Caquetá,2041.0,Total,446.629
18.0,Caquetá,2042.0,Total,446.137
18.0,Caquetá,2043.0,Total,445.482
18.0,Caquetá,2044.0,Total,444.663
18.0,Caquetá,2045.0,Total,443.679
18.0,Caquetá,2046.0,Total,442.531
18.0,Caquetá,2047.0,Total,441.230
18.0,Caquetá,2048.0,Total,439.779
18.0,Caquetá,2049.0,Total,438.174
18.0,Caquetá,2050.0,Total,436.416
19.0,Cauca,2020.0,Cabecera,551.920
19.0,Cauca,2020.0,Centros Poblados y Rural Disperso,956.141
19.0,Cauca,2020.0,Total,1.508.061
19.0,Cauca,2021.0,Cabecera,553.237
19.0,Cauca,2021.0,Centros Poblados y Rural Disperso,972.047
19.0,Cauca,2021.0,Total,1.525.284
19.0,Cauca,2022.0,Cabecera,554.157
19.0,Cauca,2022.0,Centros Poblados y Rural Disperso,987.108
19.0,Cauca,2022.0,Total,1.541.265
19.0,Cauca,2023.0,Cabecera,555.626
19.0,Cauca,2023.0,Centros Poblados y Rural Disperso,1.002.419
19.0,Cauca,2023.0,Total,1.558.045
19.0,Cauca,2024.0,Cabecera,558.270
19.0,Cauca,2024.0,Centros Poblados y Rural Disperso,1.016.236
19.0,Cauca,2024.0,Total,1.574.506
19.0,Cauca,2025.0,Cabecera,561.251
19.0,Cauca,2025.0,Centros Poblados y Rural Disperso,1.028.920
19.0,Cauca,2025.0,Total,1.590.171
19.0,Cauca,2026.0,Cabecera,564.311
19.0,Cauca,2026.0,Centros Poblados y Rural Disperso,1.040.834
19.0,Cauca,2026.0,Total,1.605.145
19.0,Cauca,2027.0,Cabecera,567.480
19.0,Cauca,2027.0,Centros Poblados y Rural Disperso,1.052.188
19.0,Cauca,2027.0,Total,1.619.668
19.0,Cauca,2028.0,Cabecera,570.699
19.0,Cauca,2028.0,Centros Poblados y Rural Disperso,1.063.088
19.0,Cauca,2028.0,Total,1.633.787
19.0,Cauca,2029.0,Cabecera,573.997
19.0,Cauca,2029.0,Centros Poblados y Rural Disperso,1.073.551
19.0,Cauca,2029.0,Total,1.647.548
19.0,Cauca,2030.0,Cabecera,577.458
19.0,Cauca,2030.0,Centros Poblados y Rural Disperso,1.083.516
19.0,Cauca,2030.0,Total,1.660.974
19.0,Cauca,2031.0,Cabecera,580.800
19.0,Cauca,2031.0,Centros Poblados y Rural Disperso,1.093.256
19.0,Cauca,2031.0,Total,1.674.056
19.0,Cauca,2032.0,Cabecera,583.998
19.0,Cauca,2032.0,Centros Poblados y Rural Disperso,1.102.765
19.0,Cauca,2032.0,Total,1.686.763
19.0,Cauca,2033.0,Cabecera,587.030
19.0,Cauca,2033.0,Centros Poblados y Rural Disperso,1.112.057
19.0,Cauca,2033.0,Total,1.699.087
19.0,Cauca,2034.0,Cabecera,589.914
19.0,Cauca,2034.0,Centros Poblados y Rural Disperso,1.121.104
19.0,Cauca,2034.0,Total,1.711.018
19.0,Cauca,2035.0,Cabecera,592.657
19.0,Cauca,2035.0,Centros Poblados y Rural Disperso,1.129.879
19.0,Cauca,2035.0,Total,1.722.536
19.0,Cauca,2036.0,Total,1.733.619
19.0,Cauca,2037.0,Total,1.744.245
19.0,Cauca,2038.0,Total,1.754.418
19.0,Cauca,2039.0,Total,1.764.126
19.0,Cauca,2040.0,Total,1.773.345
19.0,Cauca,2041.0,Total,1.782.087
19.0,Cauca,2042.0,Total,1.790.362
19.0,Cauca,2043.0,Total,1.798.162
19.0,Cauca,2044.0,Total,1.805.489
19.0,Cauca,2045.0,Total,1.812.341
19.0,Cauca,2046.0,Total,1.818.727
19.0,Cauca,2047.0,Total,1.824.649
19.0,Cauca,2048.0,Total,1.830.107
19.0,Cauca,2049.0,Total,1.835.097
19.0,Cauca,2050.0,Total,1.839.610
20.0,Cesar,2020.0,Cabecera,969.600
20.0,Cesar,2020.0,Centros Poblados y Rural Disperso,321.319
20.0,Cesar,2020.0,Total,1.290.919
20.0,Cesar,2021.0,Cabecera,992.155
20.0,Cesar,2021.0,Centros Poblados y Rural Disperso,330.223
20.0,Cesar,2021.0,Total,1.322.378
20.0,Cesar,2022.0,Cabecera,1.010.938
20.0,Cesar,2022.0,Centros Poblados y Rural Disperso,338.224
20.0,Cesar,2022.0,Total,1.349.162
20.0,Cesar,2023.0,Cabecera,1.028.048
20.0,Cesar,2023.0,Centros Poblados y Rural Disperso,345.533
20.0,Cesar,2023.0,Total,1.373.581
20.0,Cesar,2024.0,Cabecera,1.043.435
20.0,Cesar,2024.0,Centros Poblados y Rural Disperso,352.051
20.0,Cesar,2024.0,Total,1.395.486
20.0,Cesar,2025.0,Cabecera,1.056.928
20.0,Cesar,2025.0,Centros Poblados y Rural Disperso,357.931
20.0,Cesar,2025.0,Total,1.414.859
20.0,Cesar,2026.0,Cabecera,1.069.034
20.0,Cesar,2026.0,Centros Poblados y Rural Disperso,363.304
20.0,Cesar,2026.0,Total,1.432.338
20.0,Cesar,2027.0,Cabecera,1.080.177
20.0,Cesar,2027.0,Centros Poblados y Rural Disperso,368.376
20.0,Cesar,2027.0,Total,1.448.553
20.0,Cesar,2028.0,Cabecera,1.090.663
20.0,Cesar,2028.0,Centros Poblados y Rural Disperso,373.215
20.0,Cesar,2028.0,Total,1.463.878
20.0,Cesar,2029.0,Cabecera,1.100.734
20.0,Cesar,2029.0,Centros Poblados y Rural Disperso,377.898
20.0,Cesar,2029.0,Total,1.478.632
20.0,Cesar,2030.0,Cabecera,1.110.566
20.0,Cesar,2030.0,Centros Poblados y Rural Disperso,382.551
20.0,Cesar,2030.0,Total,1.493.117
20.0,Cesar,2031.0,Cabecera,1.120.161
20.0,Cesar,2031.0,Centros Poblados y Rural Disperso,387.201
20.0,Cesar,2031.0,Total,1.507.362
20.0,Cesar,2032.0,Cabecera,1.129.460
20.0,Cesar,2032.0,Centros Poblados y Rural Disperso,391.773
20.0,Cesar,2032.0,Total,1.521.233
20.0,Cesar,2033.0,Cabecera,1.138.417
20.0,Cesar,2033.0,Centros Poblados y Rural Disperso,396.298
20.0,Cesar,2033.0,Total,1.534.715
20.0,Cesar,2034.0,Cabecera,1.147.069
20.0,Cesar,2034.0,Centros Poblados y Rural Disperso,400.748
20.0,Cesar,2034.0,Total,1.547.817
20.0,Cesar,2035.0,Cabecera,1.155.380
20.0,Cesar,2035.0,Centros Poblados y Rural Disperso,405.180
20.0,Cesar,2035.0,Total,1.560.560
20.0,Cesar,2036.0,Total,1.572.887
20.0,Cesar,2037.0,Total,1.584.725
20.0,Cesar,2038.0,Total,1.596.081
20.0,Cesar,2039.0,Total,1.606.977
20.0,Cesar,2040.0,Total,1.617.399
20.0,Cesar,2041.0,Total,1.627.346
20.0,Cesar,2042.0,Total,1.636.840
20.0,Cesar,2043.0,Total,1.645.891
20.0,Cesar,2044.0,Total,1.654.484
20.0,Cesar,2045.0,Total,1.662.605
20.0,Cesar,2046.0,Total,1.670.272
20.0,Cesar,2047.0,Total,1.677.498
20.0,Cesar,2048.0,Total,1.684.267
20.0,Cesar,2049.0,Total,1.690.576
20.0,Cesar,2050.0,Total,1.696.420
23.0,Córdoba,2020.0,Cabecera,957.601
23.0,Córdoba,2020.0,Centros Poblados y Rural Disperso,884.984
23.0,Córdoba,2020.0,Total,1.842.585
23.0,Córdoba,2021.0,Cabecera,964.198
23.0,Córdoba,2021.0,Centros Poblados y Rural Disperso,900.138
23.0,Córdoba,2021.0,Total,1.864.336
23.0,Córdoba,2022.0,Cabecera,969.074
23.0,Córdoba,2022.0,Centros Poblados y Rural Disperso,913.137
23.0,Córdoba,2022.0,Total,1.882.211
23.0,Córdoba,2023.0,Cabecera,973.453
23.0,Córdoba,2023.0,Centros Poblados y Rural Disperso,925.458
23.0,Córdoba,2023.0,Total,1.898.911
23.0,Córdoba,2024.0,Cabecera,978.040
23.0,Córdoba,2024.0,Centros Poblados y Rural Disperso,936.738
23.0,Córdoba,2024.0,Total,1.914.778
23.0,Córdoba,2025.0,Cabecera,982.243
23.0,Córdoba,2025.0,Centros Poblados y Rural Disperso,947.093
23.0,Córdoba,2025.0,Total,1.929.336
23.0,Córdoba,2026.0,Cabecera,986.097
23.0,Córdoba,2026.0,Centros Poblados y Rural Disperso,956.699
23.0,Córdoba,2026.0,Total,1.942.796
23.0,Córdoba,2027.0,Cabecera,989.718
23.0,Córdoba,2027.0,Centros Poblados y Rural Disperso,965.762
23.0,Córdoba,2027.0,Total,1.955.480
23.0,Córdoba,2028.0,Cabecera,993.230
23.0,Córdoba,2028.0,Centros Poblados y Rural Disperso,974.269
23.0,Córdoba,2028.0,Total,1.967.499
23.0,Córdoba,2029.0,Cabecera,996.594
23.0,Córdoba,2029.0,Centros Poblados y Rural Disperso,982.339
23.0,Córdoba,2029.0,Total,1.978.933
23.0,Córdoba,2030.0,Cabecera,999.873
23.0,Córdoba,2030.0,Centros Poblados y Rural Disperso,990.052
23.0,Córdoba,2030.0,Total,1.989.925
23.0,Córdoba,2031.0,Cabecera,1.003.019
23.0,Córdoba,2031.0,Centros Poblados y Rural Disperso,997.495
23.0,Córdoba,2031.0,Total,2.000.514
23.0,Córdoba,2032.0,Cabecera,1.005.860
23.0,Córdoba,2032.0,Centros Poblados y Rural Disperso,1.004.769
23.0,Córdoba,2032.0,Total,2.010.629
23.0,Córdoba,2033.0,Cabecera,1.008.332
23.0,Córdoba,2033.0,Centros Poblados y Rural Disperso,1.011.911
23.0,Córdoba,2033.0,Total,2.020.243
23.0,Córdoba,2034.0,Cabecera,1.010.474
23.0,Córdoba,2034.0,Centros Poblados y Rural Disperso,1.018.893
23.0,Córdoba,2034.0,Total,2.029.367
23.0,Córdoba,2035.0,Cabecera,1.012.312
23.0,Córdoba,2035.0,Centros Poblados y Rural Disperso,1.025.702
23.0,Córdoba,2035.0,Total,2.038.014
23.0,Córdoba,2036.0,Total,2.046.146
23.0,Córdoba,2037.0,Total,2.053.721
23.0,Córdoba,2038.0,Total,2.060.743
23.0,Córdoba,2039.0,Total,2.067.216
23.0,Córdoba,2040.0,Total,2.073.125
23.0,Córdoba,2041.0,Total,2.078.467
23.0,Córdoba,2042.0,Total,2.083.253
23.0,Córdoba,2043.0,Total,2.087.494
23.0,Córdoba,2044.0,Total,2.091.177
23.0,Córdoba,2045.0,Total,2.094.291
23.0,Córdoba,2046.0,Total,2.096.836
23.0,Córdoba,2047.0,Total,2.098.816
23.0,Córdoba,2048.0,Total,2.100.228
23.0,Córdoba,2049.0,Total,2.101.073
23.0,Córdoba,2050.0,Total,2.101.344
25.0,Cundinamarca,2020.0,Cabecera,2.316.850
25.0,Cundinamarca,2020.0,Centros Poblados y Rural Disperso,831.104
25.0,Cundinamarca,2020.0,Total,3.147.954
25.0,Cundinamarca,2021.0,Cabecera,2.412.496
25.0,Cundinamarca,2021.0,Centros Poblados y Rural Disperso,821.193
25.0,Cundinamarca,2021.0,Total,3.233.689
25.0,Cundinamarca,2022.0,Cabecera,2.511.490
25.0,Cundinamarca,2022.0,Centros Poblados y Rural Disperso,823.147
25.0,Cundinamarca,2022.0,Total,3.334.637
25.0,Cundinamarca,2023.0,Cabecera,2.616.482
25.0,Cundinamarca,2023.0,Centros Poblados y Rural Disperso,828.845
25.0,Cundinamarca,2023.0,Total,3.445.327
25.0,Cundinamarca,2024.0,Cabecera,2.712.978
25.0,Cundinamarca,2024.0,Centros Poblados y Rural Disperso,840.315
25.0,Cundinamarca,2024.0,Total,3.553.293
25.0,Cundinamarca,2025.0,Cabecera,2.804.899
25.0,Cundinamarca,2025.0,Centros Poblados y Rural Disperso,852.508
25.0,Cundinamarca,2025.0,Total,3.657.407
25.0,Cundinamarca,2026.0,Cabecera,2.893.377
25.0,Cundinamarca,2026.0,Centros Poblados y Rural Disperso,865.052
25.0,Cundinamarca,2026.0,Total,3.758.429
25.0,Cundinamarca,2027.0,Cabecera,2.979.486
25.0,Cundinamarca,2027.0,Centros Poblados y Rural Disperso,877.923
25.0,Cundinamarca,2027.0,Total,3.857.409
25.0,Cundinamarca,2028.0,Cabecera,3.063.354
25.0,Cundinamarca,2028.0,Centros Poblados y Rural Disperso,891.386
25.0,Cundinamarca,2028.0,Total,3.954.740
25.0,Cundinamarca,2029.0,Cabecera,3.145.334
25.0,Cundinamarca,2029.0,Centros Poblados y Rural Disperso,905.420
25.0,Cundinamarca,2029.0,Total,4.050.754
25.0,Cundinamarca,2030.0,Cabecera,3.225.497
25.0,Cundinamarca,2030.0,Centros Poblados y Rural Disperso,920.245
25.0,Cundinamarca,2030.0,Total,4.145.742
25.0,Cundinamarca,2031.0,Cabecera,3.304.424
25.0,Cundinamarca,2031.0,Centros Poblados y Rural Disperso,935.258
25.0,Cundinamarca,2031.0,Total,4.239.682
25.0,Cundinamarca,2032.0,Cabecera,3.382.274
25.0,Cundinamarca,2032.0,Centros Poblados y Rural Disperso,950.082
25.0,Cundinamarca,2032.0,Total,4.332.356
25.0,Cundinamarca,2033.0,Cabecera,3.459.176
25.0,Cundinamarca,2033.0,Centros Poblados y Rural Disperso,964.518
25.0,Cundinamarca,2033.0,Total,4.423.694
25.0,Cundinamarca,2034.0,Cabecera,3.535.083
25.0,Cundinamarca,2034.0,Centros Poblados y Rural Disperso,978.583
25.0,Cundinamarca,2034.0,Total,4.513.666
25.0,Cundinamarca,2035.0,Cabecera,3.609.991
25.0,Cundinamarca,2035.0,Centros Poblados y Rural Disperso,992.239
25.0,Cundinamarca,2035.0,Total,4.602.230
25.0,Cundinamarca,2036.0,Total,4.689.286
25.0,Cundinamarca,2037.0,Total,4.774.727
25.0,Cundinamarca,2038.0,Total,4.858.513
25.0,Cundinamarca,2039.0,Total,4.940.644
25.0,Cundinamarca,2040.0,Total,5.021.084
25.0,Cundinamarca,2041.0,Total,5.099.813
25.0,Cundinamarca,2042.0,Total,5.176.847
25.0,Cundinamarca,2043.0,Total,5.252.187
25.0,Cundinamarca,2044.0,Total,5.325.805
25.0,Cundinamarca,2045.0,Total,5.397.678
25.0,Cundinamarca,2046.0,Total,5.467.812
25.0,Cundinamarca,2047.0,Total,5.536.196
25.0,Cundinamarca,2048.0,Total,5.602.809
25.0,Cundinamarca,2049.0,Total,5.667.634
25.0,Cundinamarca,2050.0,Total,5.730.649
27.0,Chocó,2020.0,Cabecera,251.171
27.0,Chocó,2020.0,Centros Poblados y Rural Disperso,311.216
27.0,Chocó,2020.0,Total,562.387
27.0,Chocó,2021.0,Cabecera,253.163
27.0,Chocó,2021.0,Centros Poblados y Rural Disperso,320.685
27.0,Chocó,2021.0,Total,573.848
27.0,Chocó,2022.0,Cabecera,255.404
27.0,Chocó,2022.0,Centros Poblados y Rural Disperso,329.117
27.0,Chocó,2022.0,Total,584.521
27.0,Chocó,2023.0,Cabecera,257.328
27.0,Chocó,2023.0,Centros Poblados y Rural Disperso,337.810
27.0,Chocó,2023.0,Total,595.138
27.0,Chocó,2024.0,Cabecera,259.951
27.0,Chocó,2024.0,Centros Poblados y Rural Disperso,345.527
27.0,Chocó,2024.0,Total,605.478
27.0,Chocó,2025.0,Cabecera,262.503
27.0,Chocó,2025.0,Centros Poblados y Rural Disperso,352.579
27.0,Chocó,2025.0,Total,615.082
27.0,Chocó,2026.0,Cabecera,264.856
27.0,Chocó,2026.0,Centros Poblados y Rural Disperso,359.184
27.0,Chocó,2026.0,Total,624.040
27.0,Chocó,2027.0,Cabecera,266.943
27.0,Chocó,2027.0,Centros Poblados y Rural Disperso,365.721
27.0,Chocó,2027.0,Total,632.664
27.0,Chocó,2028.0,Cabecera,269.178
27.0,Chocó,2028.0,Centros Poblados y Rural Disperso,371.789
27.0,Chocó,2028.0,Total,640.967
27.0,Chocó,2029.0,Cabecera,271.372
27.0,Chocó,2029.0,Centros Poblados y Rural Disperso,377.601
27.0,Chocó,2029.0,Total,648.973
27.0,Chocó,2030.0,Cabecera,273.515
27.0,Chocó,2030.0,Centros Poblados y Rural Disperso,383.200
27.0,Chocó,2030.0,Total,656.715
27.0,Chocó,2031.0,Cabecera,275.370
27.0,Chocó,2031.0,Centros Poblados y Rural Disperso,388.876
27.0,Chocó,2031.0,Total,664.246
27.0,Chocó,2032.0,Cabecera,277.329
27.0,Chocó,2032.0,Centros Poblados y Rural Disperso,394.241
27.0,Chocó,2032.0,Total,671.570
27.0,Chocó,2033.0,Cabecera,279.160
27.0,Chocó,2033.0,Centros Poblados y Rural Disperso,399.499
27.0,Chocó,2033.0,Total,678.659
27.0,Chocó,2034.0,Cabecera,280.867
27.0,Chocó,2034.0,Centros Poblados y Rural Disperso,404.649
27.0,Chocó,2034.0,Total,685.516
27.0,Chocó,2035.0,Cabecera,282.169
27.0,Chocó,2035.0,Centros Poblados y Rural Disperso,409.978
27.0,Chocó,2035.0,Total,692.147
27.0,Chocó,2036.0,Total,698.551
27.0,Chocó,2037.0,Total,704.730
27.0,Chocó,2038.0,Total,710.689
27.0,Chocó,2039.0,Total,716.433
27.0,Chocó,2040.0,Total,721.948
27.0,Chocó,2041.0,Total,727.230
27.0,Chocó,2042.0,Total,732.288
27.0,Chocó,2043.0,Total,737.127
27.0,Chocó,2044.0,Total,741.733
27.0,Chocó,2045.0,Total,746.105
27.0,Chocó,2046.0,Total,750.250
27.0,Chocó,2047.0,Total,754.176
27.0,Chocó,2048.0,Total,757.875
27.0,Chocó,2049.0,Total,761.350
27.0,Chocó,2050.0,Total,764.599
41.0,Huila,2020.0,Cabecera,687.414
41.0,Huila,2020.0,Centros Poblados y Rural Disperso,449.497
41.0,Huila,2020.0,Total,1.136.911
41.0,Huila,2021.0,Cabecera,693.584
41.0,Huila,2021.0,Centros Poblados y Rural Disperso,457.627
41.0,Huila,2021.0,Total,1.151.211
41.0,Huila,2022.0,Cabecera,699.526
41.0,Huila,2022.0,Centros Poblados y Rural Disperso,464.937
41.0,Huila,2022.0,Total,1.164.463
41.0,Huila,2023.0,Cabecera,705.917
41.0,Huila,2023.0,Centros Poblados y Rural Disperso,472.536
41.0,Huila,2023.0,Total,1.178.453
41.0,Huila,2024.0,Cabecera,712.640
41.0,Huila,2024.0,Centros Poblados y Rural Disperso,479.633
41.0,Huila,2024.0,Total,1.192.273
41.0,Huila,2025.0,Cabecera,719.024
41.0,Huila,2025.0,Centros Poblados y Rural Disperso,486.294
41.0,Huila,2025.0,Total,1.205.318
41.0,Huila,2026.0,Cabecera,725.038
41.0,Huila,2026.0,Centros Poblados y Rural Disperso,492.633
41.0,Huila,2026.0,Total,1.217.671
41.0,Huila,2027.0,Cabecera,730.852
41.0,Huila,2027.0,Centros Poblados y Rural Disperso,498.681
41.0,Huila,2027.0,Total,1.229.533
41.0,Huila,2028.0,Cabecera,736.328
41.0,Huila,2028.0,Centros Poblados y Rural Disperso,504.596
41.0,Huila,2028.0,Total,1.240.924
41.0,Huila,2029.0,Cabecera,741.616
41.0,Huila,2029.0,Centros Poblados y Rural Disperso,510.241
41.0,Huila,2029.0,Total,1.251.857
41.0,Huila,2030.0,Cabecera,746.681
41.0,Huila,2030.0,Centros Poblados y Rural Disperso,515.726
41.0,Huila,2030.0,Total,1.262.407
41.0,Huila,2031.0,Cabecera,751.556
41.0,Huila,2031.0,Centros Poblados y Rural Disperso,521.062
41.0,Huila,2031.0,Total,1.272.618
41.0,Huila,2032.0,Cabecera,756.142
41.0,Huila,2032.0,Centros Poblados y Rural Disperso,526.321
41.0,Huila,2032.0,Total,1.282.463
41.0,Huila,2033.0,Cabecera,760.408
41.0,Huila,2033.0,Centros Poblados y Rural Disperso,531.518
41.0,Huila,2033.0,Total,1.291.926
41.0,Huila,2034.0,Cabecera,764.444
41.0,Huila,2034.0,Centros Poblados y Rural Disperso,536.582
41.0,Huila,2034.0,Total,1.301.026
41.0,Huila,2035.0,Cabecera,768.231
41.0,Huila,2035.0,Centros Poblados y Rural Disperso,541.544
41.0,Huila,2035.0,Total,1.309.775
41.0,Huila,2036.0,Total,1.318.148
41.0,Huila,2037.0,Total,1.326.117
41.0,Huila,2038.0,Total,1.333.689
41.0,Huila,2039.0,Total,1.340.889
41.0,Huila,2040.0,Total,1.347.699
41.0,Huila,2041.0,Total,1.354.105
41.0,Huila,2042.0,Total,1.360.136
41.0,Huila,2043.0,Total,1.365.807
41.0,Huila,2044.0,Total,1.371.090
41.0,Huila,2045.0,Total,1.375.984
41.0,Huila,2046.0,Total,1.380.511
41.0,Huila,2047.0,Total,1.384.672
41.0,Huila,2048.0,Total,1.388.458
41.0,Huila,2049.0,Total,1.391.865
41.0,Huila,2050.0,Total,1.394.898
44.0,La Guajira,2020.0,Cabecera,481.253
44.0,La Guajira,2020.0,Centros Poblados y Rural Disperso,482.814
44.0,La Guajira,2020.0,Total,964.067
44.0,La Guajira,2021.0,Cabecera,500.332
44.0,La Guajira,2021.0,Centros Poblados y Rural Disperso,492.749
44.0,La Guajira,2021.0,Total,993.081
44.0,La Guajira,2022.0,Cabecera,515.338
44.0,La Guajira,2022.0,Centros Poblados y Rural Disperso,501.783
44.0,La Guajira,2022.0,Total,1.017.121
44.0,La Guajira,2023.0,Cabecera,529.039
44.0,La Guajira,2023.0,Centros Poblados y Rural Disperso,509.358
44.0,La Guajira,2023.0,Total,1.038.397
44.0,La Guajira,2024.0,Cabecera,540.264
44.0,La Guajira,2024.0,Centros Poblados y Rural Disperso,516.988
44.0,La Guajira,2024.0,Total,1.057.252
44.0,La Guajira,2025.0,Cabecera,550.147
44.0,La Guajira,2025.0,Centros Poblados y Rural Disperso,523.704
44.0,La Guajira,2025.0,Total,1.073.851
44.0,La Guajira,2026.0,Cabecera,559.005
44.0,La Guajira,2026.0,Centros Poblados y Rural Disperso,529.798
44.0,La Guajira,2026.0,Total,1.088.803
44.0,La Guajira,2027.0,Cabecera,567.399
44.0,La Guajira,2027.0,Centros Poblados y Rural Disperso,535.348
44.0,La Guajira,2027.0,Total,1.102.747
44.0,La Guajira,2028.0,Cabecera,575.012
44.0,La Guajira,2028.0,Centros Poblados y Rural Disperso,541.050
44.0,La Guajira,2028.0,Total,1.116.062
44.0,La Guajira,2029.0,Cabecera,582.266
44.0,La Guajira,2029.0,Centros Poblados y Rural Disperso,546.776
44.0,La Guajira,2029.0,Total,1.129.042
44.0,La Guajira,2030.0,Cabecera,589.313
44.0,La Guajira,2030.0,Centros Poblados y Rural Disperso,552.684
44.0,La Guajira,2030.0,Total,1.141.997
44.0,La Guajira,2031.0,Cabecera,596.518
44.0,La Guajira,2031.0,Centros Poblados y Rural Disperso,558.446
44.0,La Guajira,2031.0,Total,1.154.964
44.0,La Guajira,2032.0,Cabecera,603.341
44.0,La Guajira,2032.0,Centros Poblados y Rural Disperso,564.452
44.0,La Guajira,2032.0,Total,1.167.793
44.0,La Guajira,2033.0,Cabecera,610.009
44.0,La Guajira,2033.0,Centros Poblados y Rural Disperso,570.451
44.0,La Guajira,2033.0,Total,1.180.460
44.0,La Guajira,2034.0,Cabecera,616.585
44.0,La Guajira,2034.0,Centros Poblados y Rural Disperso,576.388
44.0,La Guajira,2034.0,Total,1.192.973
44.0,La Guajira,2035.0,Cabecera,623.351
44.0,La Guajira,2035.0,Centros Poblados y Rural Disperso,582.009
44.0,La Guajira,2035.0,Total,1.205.360
44.0,La Guajira,2036.0,Total,1.217.550
44.0,La Guajira,2037.0,Total,1.229.463
44.0,La Guajira,2038.0,Total,1.241.112
44.0,La Guajira,2039.0,Total,1.252.518
44.0,La Guajira,2040.0,Total,1.263.663
44.0,La Guajira,2041.0,Total,1.274.524
44.0,La Guajira,2042.0,Total,1.285.123
44.0,La Guajira,2043.0,Total,1.295.469
44.0,La Guajira,2044.0,Total,1.305.550
44.0,La Guajira,2045.0,Total,1.315.350
44.0,La Guajira,2046.0,Total,1.324.876
44.0,La Guajira,2047.0,Total,1.334.141
44.0,La Guajira,2048.0,Total,1.343.136
44.0,La Guajira,2049.0,Total,1.351.847
44.0,La Guajira,2050.0,Total,1.360.264
47.0,Magdalena,2020.0,Cabecera,987.845
47.0,Magdalena,2020.0,Centros Poblados y Rural Disperso,438.178
47.0,Magdalena,2020.0,Total,1.426.023
47.0,Magdalena,2021.0,Cabecera,1.001.595
47.0,Magdalena,2021.0,Centros Poblados y Rural Disperso,452.559
47.0,Magdalena,2021.0,Total,1.454.154
47.0,Magdalena,2022.0,Cabecera,1.011.191
47.0,Magdalena,2022.0,Centros Poblados y Rural Disperso,465.175
47.0,Magdalena,2022.0,Total,1.476.366
47.0,Magdalena,2023.0,Cabecera,1.019.464
47.0,Magdalena,2023.0,Centros Poblados y Rural Disperso,476.699
47.0,Magdalena,2023.0,Total,1.496.163
47.0,Magdalena,2024.0,Cabecera,1.026.917
47.0,Magdalena,2024.0,Centros Poblados y Rural Disperso,486.865
47.0,Magdalena,2024.0,Total,1.513.782
47.0,Magdalena,2025.0,Cabecera,1.033.279
47.0,Magdalena,2025.0,Centros Poblados y Rural Disperso,495.759
47.0,Magdalena,2025.0,Total,1.529.038
47.0,Magdalena,2026.0,Cabecera,1.038.748
47.0,Magdalena,2026.0,Centros Poblados y Rural Disperso,503.789
47.0,Magdalena,2026.0,Total,1.542.537
47.0,Magdalena,2027.0,Cabecera,1.044.003
47.0,Magdalena,2027.0,Centros Poblados y Rural Disperso,510.864
47.0,Magdalena,2027.0,Total,1.554.867
47.0,Magdalena,2028.0,Cabecera,1.048.639
47.0,Magdalena,2028.0,Centros Poblados y Rural Disperso,517.775
47.0,Magdalena,2028.0,Total,1.566.414
47.0,Magdalena,2029.0,Cabecera,1.053.243
47.0,Magdalena,2029.0,Centros Poblados y Rural Disperso,524.254
47.0,Magdalena,2029.0,Total,1.577.497
47.0,Magdalena,2030.0,Cabecera,1.057.885
47.0,Magdalena,2030.0,Centros Poblados y Rural Disperso,530.502
47.0,Magdalena,2030.0,Total,1.588.387
47.0,Magdalena,2031.0,Cabecera,1.062.868
47.0,Magdalena,2031.0,Centros Poblados y Rural Disperso,536.227
47.0,Magdalena,2031.0,Total,1.599.095
47.0,Magdalena,2032.0,Cabecera,1.067.205
47.0,Magdalena,2032.0,Centros Poblados y Rural Disperso,542.269
47.0,Magdalena,2032.0,Total,1.609.474
47.0,Magdalena,2033.0,Cabecera,1.071.257
47.0,Magdalena,2033.0,Centros Poblados y Rural Disperso,548.228
47.0,Magdalena,2033.0,Total,1.619.485
47.0,Magdalena,2034.0,Cabecera,1.075.015
47.0,Magdalena,2034.0,Centros Poblados y Rural Disperso,554.128
47.0,Magdalena,2034.0,Total,1.629.143
47.0,Magdalena,2035.0,Cabecera,1.078.792
47.0,Magdalena,2035.0,Centros Poblados y Rural Disperso,559.668
47.0,Magdalena,2035.0,Total,1.638.460
47.0,Magdalena,2036.0,Total,1.647.354
47.0,Magdalena,2037.0,Total,1.655.757
47.0,Magdalena,2038.0,Total,1.663.678
47.0,Magdalena,2039.0,Total,1.671.143
47.0,Magdalena,2040.0,Total,1.678.130
47.0,Magdalena,2041.0,Total,1.684.630
47.0,Magdalena,2042.0,Total,1.690.662
47.0,Magdalena,2043.0,Total,1.696.227
47.0,Magdalena,2044.0,Total,1.701.316
47.0,Magdalena,2045.0,Total,1.705.923
47.0,Magdalena,2046.0,Total,1.710.064
47.0,Magdalena,2047.0,Total,1.713.751
47.0,Magdalena,2048.0,Total,1.716.973
47.0,Magdalena,2049.0,Total,1.719.728
47.0,Magdalena,2050.0,Total,1.722.017
50.0,Meta,2020.0,Cabecera,824.056
50.0,Meta,2020.0,Centros Poblados y Rural Disperso,257.976
50.0,Meta,2020.0,Total,1.082.032
50.0,Meta,2021.0,Cabecera,835.553
50.0,Meta,2021.0,Centros Poblados y Rural Disperso,262.551
50.0,Meta,2021.0,Total,1.098.104
50.0,Meta,2022.0,Cabecera,846.615
50.0,Meta,2022.0,Centros Poblados y Rural Disperso,267.195
50.0,Meta,2022.0,Total,1.113.810
50.0,Meta,2023.0,Cabecera,858.142
50.0,Meta,2023.0,Centros Poblados y Rural Disperso,271.943
50.0,Meta,2023.0,Total,1.130.085
50.0,Meta,2024.0,Cabecera,869.506
50.0,Meta,2024.0,Centros Poblados y Rural Disperso,276.260
50.0,Meta,2024.0,Total,1.145.766
50.0,Meta,2025.0,Cabecera,880.077
50.0,Meta,2025.0,Centros Poblados y Rural Disperso,280.274
50.0,Meta,2025.0,Total,1.160.351
50.0,Meta,2026.0,Cabecera,889.994
50.0,Meta,2026.0,Centros Poblados y Rural Disperso,284.010
50.0,Meta,2026.0,Total,1.174.004
50.0,Meta,2027.0,Cabecera,899.378
50.0,Meta,2027.0,Centros Poblados y Rural Disperso,287.733
50.0,Meta,2027.0,Total,1.187.111
50.0,Meta,2028.0,Cabecera,908.518
50.0,Meta,2028.0,Centros Poblados y Rural Disperso,291.211
50.0,Meta,2028.0,Total,1.199.729
50.0,Meta,2029.0,Cabecera,917.329
50.0,Meta,2029.0,Centros Poblados y Rural Disperso,294.585
50.0,Meta,2029.0,Total,1.211.914
50.0,Meta,2030.0,Cabecera,925.859
50.0,Meta,2030.0,Centros Poblados y Rural Disperso,297.876
50.0,Meta,2030.0,Total,1.223.735
50.0,Meta,2031.0,Cabecera,934.020
50.0,Meta,2031.0,Centros Poblados y Rural Disperso,301.209
50.0,Meta,2031.0,Total,1.235.229
50.0,Meta,2032.0,Cabecera,942.043
50.0,Meta,2032.0,Centros Poblados y Rural Disperso,304.331
50.0,Meta,2032.0,Total,1.246.374
50.0,Meta,2033.0,Cabecera,949.739
50.0,Meta,2033.0,Centros Poblados y Rural Disperso,307.419
50.0,Meta,2033.0,Total,1.257.158
50.0,Meta,2034.0,Cabecera,957.118
50.0,Meta,2034.0,Centros Poblados y Rural Disperso,310.458
50.0,Meta,2034.0,Total,1.267.576
50.0,Meta,2035.0,Cabecera,964.054
50.0,Meta,2035.0,Centros Poblados y Rural Disperso,313.578
50.0,Meta,2035.0,Total,1.277.632
50.0,Meta,2036.0,Total,1.287.321
50.0,Meta,2037.0,Total,1.296.627
50.0,Meta,2038.0,Total,1.305.561
50.0,Meta,2039.0,Total,1.314.133
50.0,Meta,2040.0,Total,1.322.326
50.0,Meta,2041.0,Total,1.330.132
50.0,Meta,2042.0,Total,1.337.574
50.0,Meta,2043.0,Total,1.344.662
50.0,Meta,2044.0,Total,1.351.378
50.0,Meta,2045.0,Total,1.357.722
50.0,Meta,2046.0,Total,1.363.702
50.0,Meta,2047.0,Total,1.369.318
50.0,Meta,2048.0,Total,1.374.571
50.0,Meta,2049.0,Total,1.379.454
50.0,Meta,2050.0,Total,1.383.966
52.0,Nariño,2020.0,Cabecera,730.402
52.0,Nariño,2020.0,Centros Poblados y Rural Disperso,935.052
52.0,Nariño,2020.0,Total,1.665.454
52.0,Nariño,2021.0,Cabecera,736.214
52.0,Nariño,2021.0,Centros Poblados y Rural Disperso,942.572
52.0,Nariño,2021.0,Total,1.678.786
52.0,Nariño,2022.0,Cabecera,741.411
52.0,Nariño,2022.0,Centros Poblados y Rural Disperso,947.591
52.0,Nariño,2022.0,Total,1.689.002
52.0,Nariño,2023.0,Cabecera,746.748
52.0,Nariño,2023.0,Centros Poblados y Rural Disperso,952.822
52.0,Nariño,2023.0,Total,1.699.570
52.0,Nariño,2024.0,Cabecera,752.021
52.0,Nariño,2024.0,Centros Poblados y Rural Disperso,957.869
52.0,Nariño,2024.0,Total,1.709.890
52.0,Nariño,2025.0,Cabecera,756.828
52.0,Nariño,2025.0,Centros Poblados y Rural Disperso,962.453
52.0,Nariño,2025.0,Total,1.719.281
52.0,Nariño,2026.0,Cabecera,761.198
52.0,Nariño,2026.0,Centros Poblados y Rural Disperso,966.651
52.0,Nariño,2026.0,Total,1.727.849
52.0,Nariño,2027.0,Cabecera,765.198
52.0,Nariño,2027.0,Centros Poblados y Rural Disperso,970.746
52.0,Nariño,2027.0,Total,1.735.944
52.0,Nariño,2028.0,Cabecera,769.084
52.0,Nariño,2028.0,Centros Poblados y Rural Disperso,974.518
52.0,Nariño,2028.0,Total,1.743.602
52.0,Nariño,2029.0,Cabecera,772.706
52.0,Nariño,2029.0,Centros Poblados y Rural Disperso,978.130
52.0,Nariño,2029.0,Total,1.750.836
52.0,Nariño,2030.0,Cabecera,776.019
52.0,Nariño,2030.0,Centros Poblados y Rural Disperso,981.666
52.0,Nariño,2030.0,Total,1.757.685
52.0,Nariño,2031.0,Cabecera,779.056
52.0,Nariño,2031.0,Centros Poblados y Rural Disperso,985.110
52.0,Nariño,2031.0,Total,1.764.166
52.0,Nariño,2032.0,Cabecera,782.053
52.0,Nariño,2032.0,Centros Poblados y Rural Disperso,988.192
52.0,Nariño,2032.0,Total,1.770.245
52.0,Nariño,2033.0,Cabecera,784.788
52.0,Nariño,2033.0,Centros Poblados y Rural Disperso,991.133
52.0,Nariño,2033.0,Total,1.775.921
52.0,Nariño,2034.0,Cabecera,787.336
52.0,Nariño,2034.0,Centros Poblados y Rural Disperso,993.859
52.0,Nariño,2034.0,Total,1.781.195
52.0,Nariño,2035.0,Cabecera,789.571
52.0,Nariño,2035.0,Centros Poblados y Rural Disperso,996.483
52.0,Nariño,2035.0,Total,1.786.054
52.0,Nariño,2036.0,Total,1.790.478
52.0,Nariño,2037.0,Total,1.794.455
52.0,Nariño,2038.0,Total,1.797.994
52.0,Nariño,2039.0,Total,1.801.089
52.0,Nariño,2040.0,Total,1.803.737
52.0,Nariño,2041.0,Total,1.805.948
52.0,Nariño,2042.0,Total,1.807.723
52.0,Nariño,2043.0,Total,1.809.061
52.0,Nariño,2044.0,Total,1.809.964
52.0,Nariño,2045.0,Total,1.810.426
52.0,Nariño,2046.0,Total,1.810.446
52.0,Nariño,2047.0,Total,1.810.038
52.0,Nariño,2048.0,Total,1.809.194
52.0,Nariño,2049.0,Total,1.807.910
52.0,Nariño,2050.0,Total,1.806.176
54.0,Norte de Santander,2020.0,Cabecera,1.275.646
54.0,Norte de Santander,2020.0,Centros Poblados y Rural Disperso,341.563
54.0,Norte de Santander,2020.0,Total,1.617.209
54.0,Norte de Santander,2021.0,Cabecera,1.307.684
54.0,Norte de Santander,2021.0,Centros Poblados y Rural Disperso,346.657
54.0,Norte de Santander,2021.0,Total,1.654.341
54.0,Norte de Santander,2022.0,Cabecera,1.328.451
54.0,Norte de Santander,2022.0,Centros Poblados y Rural Disperso,350.524
54.0,Norte de Santander,2022.0,Total,1.678.975
54.0,Norte de Santander,2023.0,Cabecera,1.343.079
54.0,Norte de Santander,2023.0,Centros Poblados y Rural Disperso,353.661
54.0,Norte de Santander,2023.0,Total,1.696.740
54.0,Norte de Santander,2024.0,Cabecera,1.353.250
54.0,Norte de Santander,2024.0,Centros Poblados y Rural Disperso,356.320
54.0,Norte de Santander,2024.0,Total,1.709.570
54.0,Norte de Santander,2025.0,Cabecera,1.359.676
54.0,Norte de Santander,2025.0,Centros Poblados y Rural Disperso,358.316
54.0,Norte de Santander,2025.0,Total,1.717.992
54.0,Norte de Santander,2026.0,Cabecera,1.363.322
54.0,Norte de Santander,2026.0,Centros Poblados y Rural Disperso,359.976
54.0,Norte de Santander,2026.0,Total,1.723.298
54.0,Norte de Santander,2027.0,Cabecera,1.364.973
54.0,Norte de Santander,2027.0,Centros Poblados y Rural Disperso,361.757
54.0,Norte de Santander,2027.0,Total,1.726.730
54.0,Norte de Santander,2028.0,Cabecera,1.365.641
54.0,Norte de Santander,2028.0,Centros Poblados y Rural Disperso,363.473
54.0,Norte de Santander,2028.0,Total,1.729.114
54.0,Norte de Santander,2029.0,Cabecera,1.365.650
54.0,Norte de Santander,2029.0,Centros Poblados y Rural Disperso,365.494
54.0,Norte de Santander,2029.0,Total,1.731.144
54.0,Norte de Santander,2030.0,Cabecera,1.365.486
54.0,Norte de Santander,2030.0,Centros Poblados y Rural Disperso,367.882
54.0,Norte de Santander,2030.0,Total,1.733.368
54.0,Norte de Santander,2031.0,Cabecera,1.365.029
54.0,Norte de Santander,2031.0,Centros Poblados y Rural Disperso,370.708
54.0,Norte de Santander,2031.0,Total,1.735.737
54.0,Norte de Santander,2032.0,Cabecera,1.364.606
54.0,Norte de Santander,2032.0,Centros Poblados y Rural Disperso,373.366
54.0,Norte de Santander,2032.0,Total,1.737.972
54.0,Norte de Santander,2033.0,Cabecera,1.364.053
54.0,Norte de Santander,2033.0,Centros Poblados y Rural Disperso,376.004
54.0,Norte de Santander,2033.0,Total,1.740.057
54.0,Norte de Santander,2034.0,Cabecera,1.363.345
54.0,Norte de Santander,2034.0,Centros Poblados y Rural Disperso,378.652
54.0,Norte de Santander,2034.0,Total,1.741.997
54.0,Norte de Santander,2035.0,Cabecera,1.362.295
54.0,Norte de Santander,2035.0,Centros Poblados y Rural Disperso,381.505
54.0,Norte de Santander,2035.0,Total,1.743.800
54.0,Norte de Santander,2036.0,Total,1.745.338
54.0,Norte de Santander,2037.0,Total,1.746.489
54.0,Norte de Santander,2038.0,Total,1.747.254
54.0,Norte de Santander,2039.0,Total,1.747.648
54.0,Norte de Santander,2040.0,Total,1.747.658
54.0,Norte de Santander,2041.0,Total,1.747.270
54.0,Norte de Santander,2042.0,Total,1.746.497
54.0,Norte de Santander,2043.0,Total,1.745.352
54.0,Norte de Santander,2044.0,Total,1.743.837
54.0,Norte de Santander,2045.0,Total,1.741.938
54.0,Norte de Santander,2046.0,Total,1.739.659
54.0,Norte de Santander,2047.0,Total,1.737.011
54.0,Norte de Santander,2048.0,Total,1.733.997
54.0,Norte de Santander,2049.0,Total,1.730.610
54.0,Norte de Santander,2050.0,Total,1.726.846
63.0,Quindio,2020.0,Cabecera,486.029
63.0,Quindio,2020.0,Centros Poblados y Rural Disperso,67.292
63.0,Quindio,2020.0,Total,553.321
63.0,Quindio,2021.0,Cabecera,490.442
63.0,Quindio,2021.0,Centros Poblados y Rural Disperso,66.657
63.0,Quindio,2021.0,Total,557.099
63.0,Quindio,2022.0,Cabecera,492.893
63.0,Quindio,2022.0,Centros Poblados y Rural Disperso,66.917
63.0,Quindio,2022.0,Total,559.810
63.0,Quindio,2023.0,Cabecera,495.526
63.0,Quindio,2023.0,Centros Poblados y Rural Disperso,67.550
63.0,Quindio,2023.0,Total,563.076
63.0,Quindio,2024.0,Cabecera,497.785
63.0,Quindio,2024.0,Centros Poblados y Rural Disperso,68.263
63.0,Quindio,2024.0,Total,566.048
63.0,Quindio,2025.0,Cabecera,499.565
63.0,Quindio,2025.0,Centros Poblados y Rural Disperso,68.995
63.0,Quindio,2025.0,Total,568.560
63.0,Quindio,2026.0,Cabecera,500.928
63.0,Quindio,2026.0,Centros Poblados y Rural Disperso,69.800
63.0,Quindio,2026.0,Total,570.728
63.0,Quindio,2027.0,Cabecera,501.991
63.0,Quindio,2027.0,Centros Poblados y Rural Disperso,70.728
63.0,Quindio,2027.0,Total,572.719
63.0,Quindio,2028.0,Cabecera,502.850
63.0,Quindio,2028.0,Centros Poblados y Rural Disperso,71.750
63.0,Quindio,2028.0,Total,574.600
63.0,Quindio,2029.0,Cabecera,503.525
63.0,Quindio,2029.0,Centros Poblados y Rural Disperso,72.891
63.0,Quindio,2029.0,Total,576.416
63.0,Quindio,2030.0,Cabecera,504.039
63.0,Quindio,2030.0,Centros Poblados y Rural Disperso,74.160
63.0,Quindio,2030.0,Total,578.199
63.0,Quindio,2031.0,Cabecera,504.435
63.0,Quindio,2031.0,Centros Poblados y Rural Disperso,75.498
63.0,Quindio,2031.0,Total,579.933
63.0,Quindio,2032.0,Cabecera,504.686
63.0,Quindio,2032.0,Centros Poblados y Rural Disperso,76.896
63.0,Quindio,2032.0,Total,581.582
63.0,Quindio,2033.0,Cabecera,504.797
63.0,Quindio,2033.0,Centros Poblados y Rural Disperso,78.335
63.0,Quindio,2033.0,Total,583.132
63.0,Quindio,2034.0,Cabecera,504.764
63.0,Quindio,2034.0,Centros Poblados y Rural Disperso,79.814
63.0,Quindio,2034.0,Total,584.578
63.0,Quindio,2035.0,Cabecera,504.574
63.0,Quindio,2035.0,Centros Poblados y Rural Disperso,81.339
63.0,Quindio,2035.0,Total,585.913
63.0,Quindio,2036.0,Total,587.124
63.0,Quindio,2037.0,Total,588.194
63.0,Quindio,2038.0,Total,589.117
63.0,Quindio,2039.0,Total,589.892
63.0,Quindio,2040.0,Total,590.518
63.0,Quindio,2041.0,Total,590.996
63.0,Quindio,2042.0,Total,591.332
63.0,Quindio,2043.0,Total,591.531
63.0,Quindio,2044.0,Total,591.590
63.0,Quindio,2045.0,Total,591.509
63.0,Quindio,2046.0,Total,591.300
63.0,Quindio,2047.0,Total,590.960
63.0,Quindio,2048.0,Total,590.484
63.0,Quindio,2049.0,Total,589.880
63.0,Quindio,2050.0,Total,589.149
66.0,Risaralda,2020.0,Cabecera,762.638
66.0,Risaralda,2020.0,Centros Poblados y Rural Disperso,200.141
66.0,Risaralda,2020.0,Total,962.779
66.0,Risaralda,2021.0,Cabecera,771.884
66.0,Risaralda,2021.0,Centros Poblados y Rural Disperso,196.403
66.0,Risaralda,2021.0,Total,968.287
66.0,Risaralda,2022.0,Cabecera,775.780
66.0,Risaralda,2022.0,Centros Poblados y Rural Disperso,194.358
66.0,Risaralda,2022.0,Total,970.138
66.0,Risaralda,2023.0,Cabecera,779.222
66.0,Risaralda,2023.0,Centros Poblados y Rural Disperso,193.082
66.0,Risaralda,2023.0,Total,972.304
66.0,Risaralda,2024.0,Cabecera,781.555
66.0,Risaralda,2024.0,Centros Poblados y Rural Disperso,192.324
66.0,Risaralda,2024.0,Total,973.879
66.0,Risaralda,2025.0,Cabecera,782.966
66.0,Risaralda,2025.0,Centros Poblados y Rural Disperso,191.673
66.0,Risaralda,2025.0,Total,974.639
66.0,Risaralda,2026.0,Cabecera,783.663
66.0,Risaralda,2026.0,Centros Poblados y Rural Disperso,191.130
66.0,Risaralda,2026.0,Total,974.793
66.0,Risaralda,2027.0,Cabecera,783.800
66.0,Risaralda,2027.0,Centros Poblados y Rural Disperso,190.819
66.0,Risaralda,2027.0,Total,974.619
66.0,Risaralda,2028.0,Cabecera,783.488
66.0,Risaralda,2028.0,Centros Poblados y Rural Disperso,190.755
66.0,Risaralda,2028.0,Total,974.243
66.0,Risaralda,2029.0,Cabecera,782.781
66.0,Risaralda,2029.0,Centros Poblados y Rural Disperso,190.968
66.0,Risaralda,2029.0,Total,973.749
66.0,Risaralda,2030.0,Cabecera,781.708
66.0,Risaralda,2030.0,Centros Poblados y Rural Disperso,191.505
66.0,Risaralda,2030.0,Total,973.213
66.0,Risaralda,2031.0,Cabecera,780.415
66.0,Risaralda,2031.0,Centros Poblados y Rural Disperso,192.187
66.0,Risaralda,2031.0,Total,972.602
66.0,Risaralda,2032.0,Cabecera,778.987
66.0,Risaralda,2032.0,Centros Poblados y Rural Disperso,192.858
66.0,Risaralda,2032.0,Total,971.845
66.0,Risaralda,2033.0,Cabecera,777.397
66.0,Risaralda,2033.0,Centros Poblados y Rural Disperso,193.533
66.0,Risaralda,2033.0,Total,970.930
66.0,Risaralda,2034.0,Cabecera,775.685
66.0,Risaralda,2034.0,Centros Poblados y Rural Disperso,194.159
66.0,Risaralda,2034.0,Total,969.844
66.0,Risaralda,2035.0,Cabecera,773.796
66.0,Risaralda,2035.0,Centros Poblados y Rural Disperso,194.799
66.0,Risaralda,2035.0,Total,968.595
66.0,Risaralda,2036.0,Total,967.143
66.0,Risaralda,2037.0,Total,965.446
66.0,Risaralda,2038.0,Total,963.509
66.0,Risaralda,2039.0,Total,961.329
66.0,Risaralda,2040.0,Total,958.903
66.0,Risaralda,2041.0,Total,956.231
66.0,Risaralda,2042.0,Total,953.322
66.0,Risaralda,2043.0,Total,950.179
66.0,Risaralda,2044.0,Total,946.795
66.0,Risaralda,2045.0,Total,943.184
66.0,Risaralda,2046.0,Total,939.356
66.0,Risaralda,2047.0,Total,935.315
66.0,Risaralda,2048.0,Total,931.064
66.0,Risaralda,2049.0,Total,926.607
66.0,Risaralda,2050.0,Total,921.956
68.0,Santander,2020.0,Cabecera,1.744.233
68.0,Santander,2020.0,Centros Poblados y Rural Disperso,537.975
68.0,Santander,2020.0,Total,2.282.208
68.0,Santander,2021.0,Cabecera,1.777.109
68.0,Santander,2021.0,Centros Poblados y Rural Disperso,534.988
68.0,Santander,2021.0,Total,2.312.097
68.0,Santander,2022.0,Cabecera,1.802.328
68.0,Santander,2022.0,Centros Poblados y Rural Disperso,532.910
68.0,Santander,2022.0,Total,2.335.238
68.0,Santander,2023.0,Cabecera,1.826.647
68.0,Santander,2023.0,Centros Poblados y Rural Disperso,530.480
68.0,Santander,2023.0,Total,2.357.127
68.0,Santander,2024.0,Cabecera,1.847.055
68.0,Santander,2024.0,Centros Poblados y Rural Disperso,529.681
68.0,Santander,2024.0,Total,2.376.736
68.0,Santander,2025.0,Cabecera,1.864.327
68.0,Santander,2025.0,Centros Poblados y Rural Disperso,528.887
68.0,Santander,2025.0,Total,2.393.214
68.0,Santander,2026.0,Cabecera,1.879.215
68.0,Santander,2026.0,Centros Poblados y Rural Disperso,528.104
68.0,Santander,2026.0,Total,2.407.319
68.0,Santander,2027.0,Cabecera,1.892.563
68.0,Santander,2027.0,Centros Poblados y Rural Disperso,527.423
68.0,Santander,2027.0,Total,2.419.986
68.0,Santander,2028.0,Cabecera,1.904.619
68.0,Santander,2028.0,Centros Poblados y Rural Disperso,527.061
68.0,Santander,2028.0,Total,2.431.680
68.0,Santander,2029.0,Cabecera,1.915.808
68.0,Santander,2029.0,Centros Poblados y Rural Disperso,526.972
68.0,Santander,2029.0,Total,2.442.780
68.0,Santander,2030.0,Cabecera,1.926.300
68.0,Santander,2030.0,Centros Poblados y Rural Disperso,527.274
68.0,Santander,2030.0,Total,2.453.574
68.0,Santander,2031.0,Cabecera,1.936.313
68.0,Santander,2031.0,Centros Poblados y Rural Disperso,527.737
68.0,Santander,2031.0,Total,2.464.050
68.0,Santander,2032.0,Cabecera,1.945.877
68.0,Santander,2032.0,Centros Poblados y Rural Disperso,528.183
68.0,Santander,2032.0,Total,2.474.060
68.0,Santander,2033.0,Cabecera,1.954.900
68.0,Santander,2033.0,Centros Poblados y Rural Disperso,528.683
68.0,Santander,2033.0,Total,2.483.583
68.0,Santander,2034.0,Cabecera,1.963.534
68.0,Santander,2034.0,Centros Poblados y Rural Disperso,529.074
68.0,Santander,2034.0,Total,2.492.608
68.0,Santander,2035.0,Cabecera,1.971.809
68.0,Santander,2035.0,Centros Poblados y Rural Disperso,529.324
68.0,Santander,2035.0,Total,2.501.133
68.0,Santander,2036.0,Total,2.509.092
68.0,Santander,2037.0,Total,2.516.402
68.0,Santander,2038.0,Total,2.523.056
68.0,Santander,2039.0,Total,2.529.066
68.0,Santander,2040.0,Total,2.534.424
68.0,Santander,2041.0,Total,2.539.122
68.0,Santander,2042.0,Total,2.543.167
68.0,Santander,2043.0,Total,2.546.569
68.0,Santander,2044.0,Total,2.549.336
68.0,Santander,2045.0,Total,2.551.452
68.0,Santander,2046.0,Total,2.552.918
68.0,Santander,2047.0,Total,2.553.750
68.0,Santander,2048.0,Total,2.553.948
68.0,Santander,2049.0,Total,2.553.514
68.0,Santander,2050.0,Total,2.552.448
70.0,Sucre,2020.0,Cabecera,590.920
70.0,Sucre,2020.0,Centros Poblados y Rural Disperso,359.692
70.0,Sucre,2020.0,Total,950.612
70.0,Sucre,2021.0,Cabecera,598.031
70.0,Sucre,2021.0,Centros Poblados y Rural Disperso,368.862
70.0,Sucre,2021.0,Total,966.893
70.0,Sucre,2022.0,Cabecera,603.687
70.0,Sucre,2022.0,Centros Poblados y Rural Disperso,377.255
70.0,Sucre,2022.0,Total,980.942
70.0,Sucre,2023.0,Cabecera,608.774
70.0,Sucre,2023.0,Centros Poblados y Rural Disperso,385.286
70.0,Sucre,2023.0,Total,994.060
70.0,Sucre,2024.0,Cabecera,613.634
70.0,Sucre,2024.0,Centros Poblados y Rural Disperso,392.410
70.0,Sucre,2024.0,Total,1.006.044
70.0,Sucre,2025.0,Cabecera,618.038
70.0,Sucre,2025.0,Centros Poblados y Rural Disperso,398.788
70.0,Sucre,2025.0,Total,1.016.826
70.0,Sucre,2026.0,Cabecera,621.988
70.0,Sucre,2026.0,Centros Poblados y Rural Disperso,404.681
70.0,Sucre,2026.0,Total,1.026.669
70.0,Sucre,2027.0,Cabecera,625.772
70.0,Sucre,2027.0,Centros Poblados y Rural Disperso,410.128
70.0,Sucre,2027.0,Total,1.035.900
70.0,Sucre,2028.0,Cabecera,629.424
70.0,Sucre,2028.0,Centros Poblados y Rural Disperso,415.270
70.0,Sucre,2028.0,Total,1.044.694
70.0,Sucre,2029.0,Cabecera,633.043
70.0,Sucre,2029.0,Centros Poblados y Rural Disperso,420.136
70.0,Sucre,2029.0,Total,1.053.179
70.0,Sucre,2030.0,Cabecera,636.694
70.0,Sucre,2030.0,Centros Poblados y Rural Disperso,424.805
70.0,Sucre,2030.0,Total,1.061.499
70.0,Sucre,2031.0,Cabecera,640.318
70.0,Sucre,2031.0,Centros Poblados y Rural Disperso,429.347
70.0,Sucre,2031.0,Total,1.069.665
70.0,Sucre,2032.0,Cabecera,643.789
70.0,Sucre,2032.0,Centros Poblados y Rural Disperso,433.812
70.0,Sucre,2032.0,Total,1.077.601
70.0,Sucre,2033.0,Cabecera,647.063
70.0,Sucre,2033.0,Centros Poblados y Rural Disperso,438.238
70.0,Sucre,2033.0,Total,1.085.301
70.0,Sucre,2034.0,Cabecera,650.176
70.0,Sucre,2034.0,Centros Poblados y Rural Disperso,442.597
70.0,Sucre,2034.0,Total,1.092.773
70.0,Sucre,2035.0,Cabecera,653.104
70.0,Sucre,2035.0,Centros Poblados y Rural Disperso,446.914
70.0,Sucre,2035.0,Total,1.100.018
70.0,Sucre,2036.0,Total,1.106.999
70.0,Sucre,2037.0,Total,1.113.685
70.0,Sucre,2038.0,Total,1.120.085
70.0,Sucre,2039.0,Total,1.126.198
70.0,Sucre,2040.0,Total,1.132.015
70.0,Sucre,2041.0,Total,1.137.538
70.0,Sucre,2042.0,Total,1.142.783
70.0,Sucre,2043.0,Total,1.147.750
70.0,Sucre,2044.0,Total,1.152.426
70.0,Sucre,2045.0,Total,1.156.801
70.0,Sucre,2046.0,Total,1.160.884
70.0,Sucre,2047.0,Total,1.164.678
70.0,Sucre,2048.0,Total,1.168.177
70.0,Sucre,2049.0,Total,1.171.380
70.0,Sucre,2050.0,Total,1.174.282
73.0,Tolima,2020.0,Cabecera,924.589
73.0,Tolima,2020.0,Centros Poblados y Rural Disperso,429.749
73.0,Tolima,2020.0,Total,1.354.338
73.0,Tolima,2021.0,Cabecera,932.382
73.0,Tolima,2021.0,Centros Poblados y Rural Disperso,429.549
73.0,Tolima,2021.0,Total,1.361.931
73.0,Tolima,2022.0,Cabecera,938.727
73.0,Tolima,2022.0,Centros Poblados y Rural Disperso,429.075
73.0,Tolima,2022.0,Total,1.367.802
73.0,Tolima,2023.0,Cabecera,945.672
73.0,Tolima,2023.0,Centros Poblados y Rural Disperso,428.712
73.0,Tolima,2023.0,Total,1.374.384
73.0,Tolima,2024.0,Cabecera,951.724
73.0,Tolima,2024.0,Centros Poblados y Rural Disperso,429.224
73.0,Tolima,2024.0,Total,1.380.948
73.0,Tolima,2025.0,Cabecera,956.963
73.0,Tolima,2025.0,Centros Poblados y Rural Disperso,429.863
73.0,Tolima,2025.0,Total,1.386.826
73.0,Tolima,2026.0,Cabecera,961.671
73.0,Tolima,2026.0,Centros Poblados y Rural Disperso,430.448
73.0,Tolima,2026.0,Total,1.392.119
73.0,Tolima,2027.0,Cabecera,966.011
73.0,Tolima,2027.0,Centros Poblados y Rural Disperso,431.090
73.0,Tolima,2027.0,Total,1.397.101
73.0,Tolima,2028.0,Cabecera,969.866
73.0,Tolima,2028.0,Centros Poblados y Rural Disperso,431.935
73.0,Tolima,2028.0,Total,1.401.801
73.0,Tolima,2029.0,Cabecera,973.418
73.0,Tolima,2029.0,Centros Poblados y Rural Disperso,432.832
73.0,Tolima,2029.0,Total,1.406.250
73.0,Tolima,2030.0,Cabecera,976.595
73.0,Tolima,2030.0,Centros Poblados y Rural Disperso,433.889
73.0,Tolima,2030.0,Total,1.410.484
73.0,Tolima,2031.0,Cabecera,979.514
73.0,Tolima,2031.0,Centros Poblados y Rural Disperso,434.983
73.0,Tolima,2031.0,Total,1.414.497
73.0,Tolima,2032.0,Cabecera,982.188
73.0,Tolima,2032.0,Centros Poblados y Rural Disperso,436.076
73.0,Tolima,2032.0,Total,1.418.264
73.0,Tolima,2033.0,Cabecera,984.672
73.0,Tolima,2033.0,Centros Poblados y Rural Disperso,437.089
73.0,Tolima,2033.0,Total,1.421.761
73.0,Tolima,2034.0,Cabecera,986.913
73.0,Tolima,2034.0,Centros Poblados y Rural Disperso,438.061
73.0,Tolima,2034.0,Total,1.424.974
73.0,Tolima,2035.0,Cabecera,989.016
73.0,Tolima,2035.0,Centros Poblados y Rural Disperso,438.882
73.0,Tolima,2035.0,Total,1.427.898
73.0,Tolima,2036.0,Total,1.430.518
73.0,Tolima,2037.0,Total,1.432.810
73.0,Tolima,2038.0,Total,1.434.767
73.0,Tolima,2039.0,Total,1.436.410
73.0,Tolima,2040.0,Total,1.437.731
73.0,Tolima,2041.0,Total,1.438.733
73.0,Tolima,2042.0,Total,1.439.421
73.0,Tolima,2043.0,Total,1.439.790
73.0,Tolima,2044.0,Total,1.439.846
73.0,Tolima,2045.0,Total,1.439.590
73.0,Tolima,2046.0,Total,1.439.030
73.0,Tolima,2047.0,Total,1.438.161
73.0,Tolima,2048.0,Total,1.436.969
73.0,Tolima,2049.0,Total,1.435.469
73.0,Tolima,2050.0,Total,1.433.661
76.0,Valle del Cauca,2020.0,Cabecera,3.906.328
76.0,Valle del Cauca,2020.0,Centros Poblados y Rural Disperso,676.049
76.0,Valle del Cauca,2020.0,Total,4.582.377
76.0,Valle del Cauca,2021.0,Cabecera,3.937.232
76.0,Valle del Cauca,2021.0,Centros Poblados y Rural Disperso,676.532
76.0,Valle del Cauca,2021.0,Total,4.613.764
76.0,Valle del Cauca,2022.0,Cabecera,3.954.741
76.0,Valle del Cauca,2022.0,Centros Poblados y Rural Disperso,671.323
76.0,Valle del Cauca,2022.0,Total,4.626.064
76.0,Valle del Cauca,2023.0,Cabecera,3.972.260
76.0,Valle del Cauca,2023.0,Centros Poblados y Rural Disperso,665.769
76.0,Valle del Cauca,2023.0,Total,4.638.029
76.0,Valle del Cauca,2024.0,Cabecera,3.986.159
76.0,Valle del Cauca,2024.0,Centros Poblados y Rural Disperso,661.208
76.0,Valle del Cauca,2024.0,Total,4.647.367
76.0,Valle del Cauca,2025.0,Cabecera,3.995.831
76.0,Valle del Cauca,2025.0,Centros Poblados y Rural Disperso,656.681
76.0,Valle del Cauca,2025.0,Total,4.652.512
76.0,Valle del Cauca,2026.0,Cabecera,4.002.306
76.0,Valle del Cauca,2026.0,Centros Poblados y Rural Disperso,652.129
76.0,Valle del Cauca,2026.0,Total,4.654.435
76.0,Valle del Cauca,2027.0,Cabecera,4.006.898
76.0,Valle del Cauca,2027.0,Centros Poblados y Rural Disperso,647.599
76.0,Valle del Cauca,2027.0,Total,4.654.497
76.0,Valle del Cauca,2028.0,Cabecera,4.009.994
76.0,Valle del Cauca,2028.0,Centros Poblados y Rural Disperso,643.230
76.0,Valle del Cauca,2028.0,Total,4.653.224
76.0,Valle del Cauca,2029.0,Cabecera,4.012.013
76.0,Valle del Cauca,2029.0,Centros Poblados y Rural Disperso,639.026
76.0,Valle del Cauca,2029.0,Total,4.651.039
76.0,Valle del Cauca,2030.0,Cabecera,4.013.254
76.0,Valle del Cauca,2030.0,Centros Poblados y Rural Disperso,635.090
76.0,Valle del Cauca,2030.0,Total,4.648.344
76.0,Valle del Cauca,2031.0,Cabecera,4.013.782
76.0,Valle del Cauca,2031.0,Centros Poblados y Rural Disperso,631.270
76.0,Valle del Cauca,2031.0,Total,4.645.052
76.0,Valle del Cauca,2032.0,Cabecera,4.013.441
76.0,Valle del Cauca,2032.0,Centros Poblados y Rural Disperso,627.386
76.0,Valle del Cauca,2032.0,Total,4.640.827
76.0,Valle del Cauca,2033.0,Cabecera,4.012.193
76.0,Valle del Cauca,2033.0,Centros Poblados y Rural Disperso,623.430
76.0,Valle del Cauca,2033.0,Total,4.635.623
76.0,Valle del Cauca,2034.0,Cabecera,4.010.101
76.0,Valle del Cauca,2034.0,Centros Poblados y Rural Disperso,619.356
76.0,Valle del Cauca,2034.0,Total,4.629.457
76.0,Valle del Cauca,2035.0,Cabecera,4.007.109
76.0,Valle del Cauca,2035.0,Centros Poblados y Rural Disperso,615.225
76.0,Valle del Cauca,2035.0,Total,4.622.334
76.0,Valle del Cauca,2036.0,Total,4.614.095
76.0,Valle del Cauca,2037.0,Total,4.604.584
76.0,Valle del Cauca,2038.0,Total,4.593.796
76.0,Valle del Cauca,2039.0,Total,4.581.744
76.0,Valle del Cauca,2040.0,Total,4.568.409
76.0,Valle del Cauca,2041.0,Total,4.553.785
76.0,Valle del Cauca,2042.0,Total,4.537.908
76.0,Valle del Cauca,2043.0,Total,4.520.802
76.0,Valle del Cauca,2044.0,Total,4.502.469
76.0,Valle del Cauca,2045.0,Total,4.482.916
76.0,Valle del Cauca,2046.0,Total,4.462.183
76.0,Valle del Cauca,2047.0,Total,4.440.324
76.0,Valle del Cauca,2048.0,Total,4.417.360
76.0,Valle del Cauca,2049.0,Total,4.393.312
76.0,Valle del Cauca,2050.0,Total,4.368.211
81.0,Arauca,2020.0,Cabecera,189.171
81.0,Arauca,2020.0,Centros Poblados y Rural Disperso,102.081
81.0,Arauca,2020.0,Total,291.252
81.0,Arauca,2021.0,Cabecera,194.149
81.0,Arauca,2021.0,Centros Poblados y Rural Disperso,106.488
81.0,Arauca,2021.0,Total,300.637
81.0,Arauca,2022.0,Cabecera,198.159
81.0,Arauca,2022.0,Centros Poblados y Rural Disperso,109.469
81.0,Arauca,2022.0,Total,307.628
81.0,Arauca,2023.0,Cabecera,201.155
81.0,Arauca,2023.0,Centros Poblados y Rural Disperso,111.942
81.0,Arauca,2023.0,Total,313.097
81.0,Arauca,2024.0,Cabecera,203.505
81.0,Arauca,2024.0,Centros Poblados y Rural Disperso,113.893
81.0,Arauca,2024.0,Total,317.398
81.0,Arauca,2025.0,Cabecera,205.266
81.0,Arauca,2025.0,Centros Poblados y Rural Disperso,115.457
81.0,Arauca,2025.0,Total,320.723
81.0,Arauca,2026.0,Cabecera,206.604
81.0,Arauca,2026.0,Centros Poblados y Rural Disperso,116.742
81.0,Arauca,2026.0,Total,323.346
81.0,Arauca,2027.0,Cabecera,207.626
81.0,Arauca,2027.0,Centros Poblados y Rural Disperso,117.901
81.0,Arauca,2027.0,Total,325.527
81.0,Arauca,2028.0,Cabecera,208.560
81.0,Arauca,2028.0,Centros Poblados y Rural Disperso,118.880
81.0,Arauca,2028.0,Total,327.440
81.0,Arauca,2029.0,Cabecera,209.430
81.0,Arauca,2029.0,Centros Poblados y Rural Disperso,119.807
81.0,Arauca,2029.0,Total,329.237
81.0,Arauca,2030.0,Cabecera,210.356
81.0,Arauca,2030.0,Centros Poblados y Rural Disperso,120.681
81.0,Arauca,2030.0,Total,331.037
81.0,Arauca,2031.0,Cabecera,211.220
81.0,Arauca,2031.0,Centros Poblados y Rural Disperso,121.621
81.0,Arauca,2031.0,Total,332.841
81.0,Arauca,2032.0,Cabecera,212.087
81.0,Arauca,2032.0,Centros Poblados y Rural Disperso,122.502
81.0,Arauca,2032.0,Total,334.589
81.0,Arauca,2033.0,Cabecera,212.898
81.0,Arauca,2033.0,Centros Poblados y Rural Disperso,123.371
81.0,Arauca,2033.0,Total,336.269
81.0,Arauca,2034.0,Cabecera,213.648
81.0,Arauca,2034.0,Centros Poblados y Rural Disperso,124.245
81.0,Arauca,2034.0,Total,337.893
81.0,Arauca,2035.0,Cabecera,214.332
81.0,Arauca,2035.0,Centros Poblados y Rural Disperso,125.133
81.0,Arauca,2035.0,Total,339.465
81.0,Arauca,2036.0,Total,340.958
81.0,Arauca,2037.0,Total,342.354
81.0,Arauca,2038.0,Total,343.655
81.0,Arauca,2039.0,Total,344.859
81.0,Arauca,2040.0,Total,345.971
81.0,Arauca,2041.0,Total,346.993
81.0,Arauca,2042.0,Total,347.927
81.0,Arauca,2043.0,Total,348.780
81.0,Arauca,2044.0,Total,349.545
81.0,Arauca,2045.0,Total,350.213
81.0,Arauca,2046.0,Total,350.787
81.0,Arauca,2047.0,Total,351.278
81.0,Arauca,2048.0,Total,351.679
81.0,Arauca,2049.0,Total,351.986
81.0,Arauca,2050.0,Total,352.194
85.0,Casanare,2020.0,Cabecera,315.408
85.0,Casanare,2020.0,Centros Poblados y Rural Disperso,128.124
85.0,Casanare,2020.0,Total,443.532
85.0,Casanare,2021.0,Cabecera,323.586
85.0,Casanare,2021.0,Centros Poblados y Rural Disperso,128.512
85.0,Casanare,2021.0,Total,452.098
85.0,Casanare,2022.0,Cabecera,330.773
85.0,Casanare,2022.0,Centros Poblados y Rural Disperso,129.200
85.0,Casanare,2022.0,Total,459.973
85.0,Casanare,2023.0,Cabecera,337.972
85.0,Casanare,2023.0,Centros Poblados y Rural Disperso,129.803
85.0,Casanare,2023.0,Total,467.775
85.0,Casanare,2024.0,Cabecera,344.587
85.0,Casanare,2024.0,Centros Poblados y Rural Disperso,130.557
85.0,Casanare,2024.0,Total,475.144
85.0,Casanare,2025.0,Cabecera,350.721
85.0,Casanare,2025.0,Centros Poblados y Rural Disperso,131.217
85.0,Casanare,2025.0,Total,481.938
85.0,Casanare,2026.0,Cabecera,356.398
85.0,Casanare,2026.0,Centros Poblados y Rural Disperso,131.860
85.0,Casanare,2026.0,Total,488.258
85.0,Casanare,2027.0,Cabecera,361.777
85.0,Casanare,2027.0,Centros Poblados y Rural Disperso,132.474
85.0,Casanare,2027.0,Total,494.251
85.0,Casanare,2028.0,Cabecera,366.830
85.0,Casanare,2028.0,Centros Poblados y Rural Disperso,133.149
85.0,Casanare,2028.0,Total,499.979
85.0,Casanare,2029.0,Cabecera,371.636
85.0,Casanare,2029.0,Centros Poblados y Rural Disperso,133.868
85.0,Casanare,2029.0,Total,505.504
85.0,Casanare,2030.0,Cabecera,376.204
85.0,Casanare,2030.0,Centros Poblados y Rural Disperso,134.686
85.0,Casanare,2030.0,Total,510.890
85.0,Casanare,2031.0,Cabecera,380.654
85.0,Casanare,2031.0,Centros Poblados y Rural Disperso,135.489
85.0,Casanare,2031.0,Total,516.143
85.0,Casanare,2032.0,Cabecera,384.955
85.0,Casanare,2032.0,Centros Poblados y Rural Disperso,136.285
85.0,Casanare,2032.0,Total,521.240
85.0,Casanare,2033.0,Cabecera,389.134
85.0,Casanare,2033.0,Centros Poblados y Rural Disperso,137.036
85.0,Casanare,2033.0,Total,526.170
85.0,Casanare,2034.0,Cabecera,393.186
85.0,Casanare,2034.0,Centros Poblados y Rural Disperso,137.751
85.0,Casanare,2034.0,Total,530.937
85.0,Casanare,2035.0,Cabecera,397.134
85.0,Casanare,2035.0,Centros Poblados y Rural Disperso,138.413
85.0,Casanare,2035.0,Total,535.547
85.0,Casanare,2036.0,Total,539.985
85.0,Casanare,2037.0,Total,544.245
85.0,Casanare,2038.0,Total,548.338
85.0,Casanare,2039.0,Total,552.256
85.0,Casanare,2040.0,Total,555.990
85.0,Casanare,2041.0,Total,559.548
85.0,Casanare,2042.0,Total,562.931
85.0,Casanare,2043.0,Total,566.149
85.0,Casanare,2044.0,Total,569.194
85.0,Casanare,2045.0,Total,572.059
85.0,Casanare,2046.0,Total,574.747
85.0,Casanare,2047.0,Total,577.256
85.0,Casanare,2048.0,Total,579.591
85.0,Casanare,2049.0,Total,581.753
85.0,Casanare,2050.0,Total,583.735
86.0,Putumayo,2020.0,Cabecera,185.589
86.0,Putumayo,2020.0,Centros Poblados y Rural Disperso,179.294
86.0,Putumayo,2020.0,Total,364.883
86.0,Putumayo,2021.0,Cabecera,190.143
86.0,Putumayo,2021.0,Centros Poblados y Rural Disperso,181.070
86.0,Putumayo,2021.0,Total,371.213
86.0,Putumayo,2022.0,Cabecera,194.348
86.0,Putumayo,2022.0,Centros Poblados y Rural Disperso,182.747
86.0,Putumayo,2022.0,Total,377.095
86.0,Putumayo,2023.0,Cabecera,198.450
86.0,Putumayo,2023.0,Centros Poblados y Rural Disperso,184.592
86.0,Putumayo,2023.0,Total,383.042
86.0,Putumayo,2024.0,Cabecera,202.466
86.0,Putumayo,2024.0,Centros Poblados y Rural Disperso,186.250
86.0,Putumayo,2024.0,Total,388.716
86.0,Putumayo,2025.0,Cabecera,206.247
86.0,Putumayo,2025.0,Centros Poblados y Rural Disperso,187.741
86.0,Putumayo,2025.0,Total,393.988
86.0,Putumayo,2026.0,Cabecera,209.786
86.0,Putumayo,2026.0,Centros Poblados y Rural Disperso,189.147
86.0,Putumayo,2026.0,Total,398.933
86.0,Putumayo,2027.0,Cabecera,213.015
86.0,Putumayo,2027.0,Centros Poblados y Rural Disperso,190.659
86.0,Putumayo,2027.0,Total,403.674
86.0,Putumayo,2028.0,Cabecera,216.301
86.0,Putumayo,2028.0,Centros Poblados y Rural Disperso,191.947
86.0,Putumayo,2028.0,Total,408.248
86.0,Putumayo,2029.0,Cabecera,219.433
86.0,Putumayo,2029.0,Centros Poblados y Rural Disperso,193.252
86.0,Putumayo,2029.0,Total,412.685
86.0,Putumayo,2030.0,Cabecera,222.475
86.0,Putumayo,2030.0,Centros Poblados y Rural Disperso,194.545
86.0,Putumayo,2030.0,Total,417.020
86.0,Putumayo,2031.0,Cabecera,225.265
86.0,Putumayo,2031.0,Centros Poblados y Rural Disperso,195.993
86.0,Putumayo,2031.0,Total,421.258
86.0,Putumayo,2032.0,Cabecera,228.180
86.0,Putumayo,2032.0,Centros Poblados y Rural Disperso,197.201
86.0,Putumayo,2032.0,Total,425.381
86.0,Putumayo,2033.0,Cabecera,231.048
86.0,Putumayo,2033.0,Centros Poblados y Rural Disperso,198.335
86.0,Putumayo,2033.0,Total,429.383
86.0,Putumayo,2034.0,Cabecera,233.905
86.0,Putumayo,2034.0,Centros Poblados y Rural Disperso,199.367
86.0,Putumayo,2034.0,Total,433.272
86.0,Putumayo,2035.0,Cabecera,236.572
86.0,Putumayo,2035.0,Centros Poblados y Rural Disperso,200.473
86.0,Putumayo,2035.0,Total,437.045
86.0,Putumayo,2036.0,Total,440.689
86.0,Putumayo,2037.0,Total,444.205
86.0,Putumayo,2038.0,Total,447.589
86.0,Putumayo,2039.0,Total,450.833
86.0,Putumayo,2040.0,Total,453.942
86.0,Putumayo,2041.0,Total,456.919
86.0,Putumayo,2042.0,Total,459.761
86.0,Putumayo,2043.0,Total,462.465
86.0,Putumayo,2044.0,Total,465.030
86.0,Putumayo,2045.0,Total,467.462
86.0,Putumayo,2046.0,Total,469.761
86.0,Putumayo,2047.0,Total,471.925
86.0,Putumayo,2048.0,Total,473.961
86.0,Putumayo,2049.0,Total,475.860
86.0,Putumayo,2050.0,Total,477.616
88.0,Archipiélago de San Andrés,2020.0,Cabecera,44.308
88.0,Archipiélago de San Andrés,2020.0,Centros Poblados y Rural Disperso,17.590
88.0,Archipiélago de San Andrés,2020.0,Total,61.898
88.0,Archipiélago de San Andrés,2021.0,Cabecera,44.196
88.0,Archipiélago de San Andrés,2021.0,Centros Poblados y Rural Disperso,17.963
88.0,Archipiélago de San Andrés,2021.0,Total,62.159
88.0,Archipiélago de San Andrés,2022.0,Cabecera,44.284
88.0,Archipiélago de San Andrés,2022.0,Centros Poblados y Rural Disperso,17.971
88.0,Archipiélago de San Andrés,2022.0,Total,62.255
88.0,Archipiélago de San Andrés,2023.0,Cabecera,44.409
88.0,Archipiélago de San Andrés,2023.0,Centros Poblados y Rural Disperso,17.860
88.0,Archipiélago de San Andrés,2023.0,Total,62.269
88.0,Archipiélago de San Andrés,2024.0,Cabecera,44.563
88.0,Archipiélago de San Andrés,2024.0,Centros Poblados y Rural Disperso,17.686
88.0,Archipiélago de San Andrés,2024.0,Total,62.249
88.0,Archipiélago de San Andrés,2025.0,Cabecera,44.723
88.0,Archipiélago de San Andrés,2025.0,Centros Poblados y Rural Disperso,17.458
88.0,Archipiélago de San Andrés,2025.0,Total,62.181
88.0,Archipiélago de San Andrés,2026.0,Cabecera,44.869
88.0,Archipiélago de San Andrés,2026.0,Centros Poblados y Rural Disperso,17.199
88.0,Archipiélago de San Andrés,2026.0,Total,62.068
88.0,Archipiélago de San Andrés,2027.0,Cabecera,45.047
88.0,Archipiélago de San Andrés,2027.0,Centros Poblados y Rural Disperso,16.880
88.0,Archipiélago de San Andrés,2027.0,Total,61.927
88.0,Archipiélago de San Andrés,2028.0,Cabecera,45.228
88.0,Archipiélago de San Andrés,2028.0,Centros Poblados y Rural Disperso,16.536
88.0,Archipiélago de San Andrés,2028.0,Total,61.764
88.0,Archipiélago de San Andrés,2029.0,Cabecera,45.427
88.0,Archipiélago de San Andrés,2029.0,Centros Poblados y Rural Disperso,16.156
88.0,Archipiélago de San Andrés,2029.0,Total,61.583
88.0,Archipiélago de San Andrés,2030.0,Cabecera,45.633
88.0,Archipiélago de San Andrés,2030.0,Centros Poblados y Rural Disperso,15.747
88.0,Archipiélago de San Andrés,2030.0,Total,61.380
88.0,Archipiélago de San Andrés,2031.0,Cabecera,45.840
88.0,Archipiélago de San Andrés,2031.0,Centros Poblados y Rural Disperso,15.326
88.0,Archipiélago de San Andrés,2031.0,Total,61.166
88.0,Archipiélago de San Andrés,2032.0,Cabecera,46.037
88.0,Archipiélago de San Andrés,2032.0,Centros Poblados y Rural Disperso,14.909
88.0,Archipiélago de San Andrés,2032.0,Total,60.946
88.0,Archipiélago de San Andrés,2033.0,Cabecera,46.214
88.0,Archipiélago de San Andrés,2033.0,Centros Poblados y Rural Disperso,14.498
88.0,Archipiélago de San Andrés,2033.0,Total,60.712
88.0,Archipiélago de San Andrés,2034.0,Cabecera,46.372
88.0,Archipiélago de San Andrés,2034.0,Centros Poblados y Rural Disperso,14.087
88.0,Archipiélago de San Andrés,2034.0,Total,60.459
88.0,Archipiélago de San Andrés,2035.0,Cabecera,46.505
88.0,Archipiélago de San Andrés,2035.0,Centros Poblados y Rural Disperso,13.690
88.0,Archipiélago de San Andrés,2035.0,Total,60.195
88.0,Archipiélago de San Andrés,2036.0,Total,59.920
88.0,Archipiélago de San Andrés,2037.0,Total,59.625
88.0,Archipiélago de San Andrés,2038.0,Total,59.314
88.0,Archipiélago de San Andrés,2039.0,Total,58.986
88.0,Archipiélago de San Andrés,2040.0,Total,58.647
88.0,Archipiélago de San Andrés,2041.0,Total,58.298
88.0,Archipiélago de San Andrés,2042.0,Total,57.934
88.0,Archipiélago de San Andrés,2043.0,Total,57.555
88.0,Archipiélago de San Andrés,2044.0,Total,57.159
88.0,Archipiélago de San Andrés,2045.0,Total,56.750
88.0,Archipiélago de San Andrés,2046.0,Total,56.325
88.0,Archipiélago de San Andrés,2047.0,Total,55.883
88.0,Archipiélago de San Andrés,2048.0,Total,55.428
88.0,Archipiélago de San Andrés,2049.0,Total,54.961
88.0,Archipiélago de San Andrés,2050.0,Total,54.483
91.0,Amazonas,2020.0,Cabecera,39.835
91.0,Amazonas,2020.0,Centros Poblados y Rural Disperso,40.637
91.0,Amazonas,2020.0,Total,80.472
91.0,Amazonas,2021.0,Cabecera,41.089
91.0,Amazonas,2021.0,Centros Poblados y Rural Disperso,41.082
91.0,Amazonas,2021.0,Total,82.171
91.0,Amazonas,2022.0,Cabecera,42.170
91.0,Amazonas,2022.0,Centros Poblados y Rural Disperso,41.520
91.0,Amazonas,2022.0,Total,83.690
91.0,Amazonas,2023.0,Cabecera,43.220
91.0,Amazonas,2023.0,Centros Poblados y Rural Disperso,41.836
91.0,Amazonas,2023.0,Total,85.056
91.0,Amazonas,2024.0,Cabecera,44.170
91.0,Amazonas,2024.0,Centros Poblados y Rural Disperso,42.148
91.0,Amazonas,2024.0,Total,86.318
91.0,Amazonas,2025.0,Cabecera,45.049
91.0,Amazonas,2025.0,Centros Poblados y Rural Disperso,42.431
91.0,Amazonas,2025.0,Total,87.480
91.0,Amazonas,2026.0,Cabecera,45.879
91.0,Amazonas,2026.0,Centros Poblados y Rural Disperso,42.676
91.0,Amazonas,2026.0,Total,88.555
91.0,Amazonas,2027.0,Cabecera,46.662
91.0,Amazonas,2027.0,Centros Poblados y Rural Disperso,42.919
91.0,Amazonas,2027.0,Total,89.581
91.0,Amazonas,2028.0,Cabecera,47.388
91.0,Amazonas,2028.0,Centros Poblados y Rural Disperso,43.172
91.0,Amazonas,2028.0,Total,90.560
91.0,Amazonas,2029.0,Cabecera,48.076
91.0,Amazonas,2029.0,Centros Poblados y Rural Disperso,43.429
91.0,Amazonas,2029.0,Total,91.505
91.0,Amazonas,2030.0,Cabecera,48.710
91.0,Amazonas,2030.0,Centros Poblados y Rural Disperso,43.712
91.0,Amazonas,2030.0,Total,92.422
91.0,Amazonas,2031.0,Cabecera,49.374
91.0,Amazonas,2031.0,Centros Poblados y Rural Disperso,43.942
91.0,Amazonas,2031.0,Total,93.316
91.0,Amazonas,2032.0,Cabecera,49.963
91.0,Amazonas,2032.0,Centros Poblados y Rural Disperso,44.228
91.0,Amazonas,2032.0,Total,94.191
91.0,Amazonas,2033.0,Cabecera,50.551
91.0,Amazonas,2033.0,Centros Poblados y Rural Disperso,44.488
91.0,Amazonas,2033.0,Total,95.039
91.0,Amazonas,2034.0,Cabecera,51.125
91.0,Amazonas,2034.0,Centros Poblados y Rural Disperso,44.736
91.0,Amazonas,2034.0,Total,95.861
91.0,Amazonas,2035.0,Cabecera,51.688
91.0,Amazonas,2035.0,Centros Poblados y Rural Disperso,44.975
91.0,Amazonas,2035.0,Total,96.663
91.0,Amazonas,2036.0,Total,97.436
91.0,Amazonas,2037.0,Total,98.178
91.0,Amazonas,2038.0,Total,98.889
91.0,Amazonas,2039.0,Total,99.569
91.0,Amazonas,2040.0,Total,100.219
91.0,Amazonas,2041.0,Total,100.837
91.0,Amazonas,2042.0,Total,101.424
91.0,Amazonas,2043.0,Total,101.981
91.0,Amazonas,2044.0,Total,102.509
91.0,Amazonas,2045.0,Total,103.008
91.0,Amazonas,2046.0,Total,103.474
91.0,Amazonas,2047.0,Total,103.909
91.0,Amazonas,2048.0,Total,104.315
91.0,Amazonas,2049.0,Total,104.691
91.0,Amazonas,2050.0,Total,105.037
94.0,Guainía,2020.0,Cabecera,23.575
94.0,Guainía,2020.0,Centros Poblados y Rural Disperso,28.431
94.0,Guainía,2020.0,Total,52.006
94.0,Guainía,2021.0,Cabecera,24.456
94.0,Guainía,2021.0,Centros Poblados y Rural Disperso,29.127
94.0,Guainía,2021.0,Total,53.583
94.0,Guainía,2022.0,Cabecera,25.306
94.0,Guainía,2022.0,Centros Poblados y Rural Disperso,29.785
94.0,Guainía,2022.0,Total,55.091
94.0,Guainía,2023.0,Cabecera,26.161
94.0,Guainía,2023.0,Centros Poblados y Rural Disperso,30.390
94.0,Guainía,2023.0,Total,56.551
94.0,Guainía,2024.0,Cabecera,26.944
94.0,Guainía,2024.0,Centros Poblados y Rural Disperso,30.990
94.0,Guainía,2024.0,Total,57.934
94.0,Guainía,2025.0,Cabecera,27.691
94.0,Guainía,2025.0,Centros Poblados y Rural Disperso,31.549
94.0,Guainía,2025.0,Total,59.240
94.0,Guainía,2026.0,Cabecera,28.380
94.0,Guainía,2026.0,Centros Poblados y Rural Disperso,32.113
94.0,Guainía,2026.0,Total,60.493
94.0,Guainía,2027.0,Cabecera,29.079
94.0,Guainía,2027.0,Centros Poblados y Rural Disperso,32.646
94.0,Guainía,2027.0,Total,61.725
94.0,Guainía,2028.0,Cabecera,29.736
94.0,Guainía,2028.0,Centros Poblados y Rural Disperso,33.206
94.0,Guainía,2028.0,Total,62.942
94.0,Guainía,2029.0,Cabecera,30.328
94.0,Guainía,2029.0,Centros Poblados y Rural Disperso,33.819
94.0,Guainía,2029.0,Total,64.147
94.0,Guainía,2030.0,Cabecera,30.896
94.0,Guainía,2030.0,Centros Poblados y Rural Disperso,34.459
94.0,Guainía,2030.0,Total,65.355
94.0,Guainía,2031.0,Cabecera,31.486
94.0,Guainía,2031.0,Centros Poblados y Rural Disperso,35.082
94.0,Guainía,2031.0,Total,66.568
94.0,Guainía,2032.0,Cabecera,32.050
94.0,Guainía,2032.0,Centros Poblados y Rural Disperso,35.725
94.0,Guainía,2032.0,Total,67.775
94.0,Guainía,2033.0,Cabecera,32.627
94.0,Guainía,2033.0,Centros Poblados y Rural Disperso,36.346
94.0,Guainía,2033.0,Total,68.973
94.0,Guainía,2034.0,Cabecera,33.179
94.0,Guainía,2034.0,Centros Poblados y Rural Disperso,36.982
94.0,Guainía,2034.0,Total,70.161
94.0,Guainía,2035.0,Cabecera,33.761
94.0,Guainía,2035.0,Centros Poblados y Rural Disperso,37.578
94.0,Guainía,2035.0,Total,71.339
94.0,Guainía,2036.0,Total,72.505
94.0,Guainía,2037.0,Total,73.655
94.0,Guainía,2038.0,Total,74.789
94.0,Guainía,2039.0,Total,75.909
94.0,Guainía,2040.0,Total,77.012
94.0,Guainía,2041.0,Total,78.094
94.0,Guainía,2042.0,Total,79.158
94.0,Guainía,2043.0,Total,80.207
94.0,Guainía,2044.0,Total,81.239
94.0,Guainía,2045.0,Total,82.254
94.0,Guainía,2046.0,Total,83.251
94.0,Guainía,2047.0,Total,84.238
94.0,Guainía,2048.0,Total,85.214
94.0,Guainía,2049.0,Total,86.173
94.0,Guainía,2050.0,Total,87.114
95.0,Guaviare,2020.0,Cabecera,49.591
95.0,Guaviare,2020.0,Centros Poblados y Rural Disperso,39.459
95.0,Guaviare,2020.0,Total,89.050
95.0,Guaviare,2021.0,Cabecera,51.222
95.0,Guaviare,2021.0,Centros Poblados y Rural Disperso,40.495
95.0,Guaviare,2021.0,Total,91.717
95.0,Guaviare,2022.0,Cabecera,52.990
95.0,Guaviare,2022.0,Centros Poblados y Rural Disperso,41.635
95.0,Guaviare,2022.0,Total,94.625
95.0,Guaviare,2023.0,Cabecera,54.734
95.0,Guaviare,2023.0,Centros Poblados y Rural Disperso,42.882
95.0,Guaviare,2023.0,Total,97.616
95.0,Guaviare,2024.0,Cabecera,56.402
95.0,Guaviare,2024.0,Centros Poblados y Rural Disperso,44.095
95.0,Guaviare,2024.0,Total,100.497
95.0,Guaviare,2025.0,Cabecera,57.976
95.0,Guaviare,2025.0,Centros Poblados y Rural Disperso,45.261
95.0,Guaviare,2025.0,Total,103.237
95.0,Guaviare,2026.0,Cabecera,59.449
95.0,Guaviare,2026.0,Centros Poblados y Rural Disperso,46.406
95.0,Guaviare,2026.0,Total,105.855
95.0,Guaviare,2027.0,Cabecera,60.815
95.0,Guaviare,2027.0,Centros Poblados y Rural Disperso,47.592
95.0,Guaviare,2027.0,Total,108.407
95.0,Guaviare,2028.0,Cabecera,62.141
95.0,Guaviare,2028.0,Centros Poblados y Rural Disperso,48.758
95.0,Guaviare,2028.0,Total,110.899
95.0,Guaviare,2029.0,Cabecera,63.393
95.0,Guaviare,2029.0,Centros Poblados y Rural Disperso,49.942
95.0,Guaviare,2029.0,Total,113.335
95.0,Guaviare,2030.0,Cabecera,64.574
95.0,Guaviare,2030.0,Centros Poblados y Rural Disperso,51.161
95.0,Guaviare,2030.0,Total,115.735
95.0,Guaviare,2031.0,Cabecera,65.696
95.0,Guaviare,2031.0,Centros Poblados y Rural Disperso,52.404
95.0,Guaviare,2031.0,Total,118.100
95.0,Guaviare,2032.0,Cabecera,66.803
95.0,Guaviare,2032.0,Centros Poblados y Rural Disperso,53.623
95.0,Guaviare,2032.0,Total,120.426
95.0,Guaviare,2033.0,Cabecera,67.879
95.0,Guaviare,2033.0,Centros Poblados y Rural Disperso,54.825
95.0,Guaviare,2033.0,Total,122.704
95.0,Guaviare,2034.0,Cabecera,68.912
95.0,Guaviare,2034.0,Centros Poblados y Rural Disperso,56.030
95.0,Guaviare,2034.0,Total,124.942
95.0,Guaviare,2035.0,Cabecera,69.898
95.0,Guaviare,2035.0,Centros Poblados y Rural Disperso,57.243
95.0,Guaviare,2035.0,Total,127.141
95.0,Guaviare,2036.0,Total,129.291
95.0,Guaviare,2037.0,Total,131.399
95.0,Guaviare,2038.0,Total,133.469
95.0,Guaviare,2039.0,Total,135.492
95.0,Guaviare,2040.0,Total,137.466
95.0,Guaviare,2041.0,Total,139.398
95.0,Guaviare,2042.0,Total,141.296
95.0,Guaviare,2043.0,Total,143.151
95.0,Guaviare,2044.0,Total,144.957
95.0,Guaviare,2045.0,Total,146.724
95.0,Guaviare,2046.0,Total,148.458
95.0,Guaviare,2047.0,Total,150.157
95.0,Guaviare,2048.0,Total,151.813
95.0,Guaviare,2049.0,Total,153.431
95.0,Guaviare,2050.0,Total,155.021
97.0,Vaupés,2020.0,Cabecera,12.482
97.0,Vaupés,2020.0,Centros Poblados y Rural Disperso,30.706
97.0,Vaupés,2020.0,Total,43.188
97.0,Vaupés,2021.0,Cabecera,12.708
97.0,Vaupés,2021.0,Centros Poblados y Rural Disperso,31.670
97.0,Vaupés,2021.0,Total,44.378
97.0,Vaupés,2022.0,Cabecera,12.918
97.0,Vaupés,2022.0,Centros Poblados y Rural Disperso,32.661
97.0,Vaupés,2022.0,Total,45.579
97.0,Vaupés,2023.0,Cabecera,13.139
97.0,Vaupés,2023.0,Centros Poblados y Rural Disperso,33.638
97.0,Vaupés,2023.0,Total,46.777
97.0,Vaupés,2024.0,Cabecera,13.336
97.0,Vaupés,2024.0,Centros Poblados y Rural Disperso,34.625
97.0,Vaupés,2024.0,Total,47.961
97.0,Vaupés,2025.0,Cabecera,13.514
97.0,Vaupés,2025.0,Centros Poblados y Rural Disperso,35.628
97.0,Vaupés,2025.0,Total,49.142
97.0,Vaupés,2026.0,Cabecera,13.679
97.0,Vaupés,2026.0,Centros Poblados y Rural Disperso,36.643
97.0,Vaupés,2026.0,Total,50.322
97.0,Vaupés,2027.0,Cabecera,13.836
97.0,Vaupés,2027.0,Centros Poblados y Rural Disperso,37.670
97.0,Vaupés,2027.0,Total,51.506
97.0,Vaupés,2028.0,Cabecera,13.995
97.0,Vaupés,2028.0,Centros Poblados y Rural Disperso,38.699
97.0,Vaupés,2028.0,Total,52.694
97.0,Vaupés,2029.0,Cabecera,14.132
97.0,Vaupés,2029.0,Centros Poblados y Rural Disperso,39.754
97.0,Vaupés,2029.0,Total,53.886
97.0,Vaupés,2030.0,Cabecera,14.261
97.0,Vaupés,2030.0,Centros Poblados y Rural Disperso,40.822
97.0,Vaupés,2030.0,Total,55.083
97.0,Vaupés,2031.0,Cabecera,14.363
97.0,Vaupés,2031.0,Centros Poblados y Rural Disperso,41.919
97.0,Vaupés,2031.0,Total,56.282
97.0,Vaupés,2032.0,Cabecera,14.458
97.0,Vaupés,2032.0,Centros Poblados y Rural Disperso,43.027
97.0,Vaupés,2032.0,Total,57.485
97.0,Vaupés,2033.0,Cabecera,14.534
97.0,Vaupés,2033.0,Centros Poblados y Rural Disperso,44.153
97.0,Vaupés,2033.0,Total,58.687
97.0,Vaupés,2034.0,Cabecera,14.598
97.0,Vaupés,2034.0,Centros Poblados y Rural Disperso,45.285
97.0,Vaupés,2034.0,Total,59.883
97.0,Vaupés,2035.0,Cabecera,14.637
97.0,Vaupés,2035.0,Centros Poblados y Rural Disperso,46.437
97.0,Vaupés,2035.0,Total,61.074
97.0,Vaupés,2036.0,Total,62.254
97.0,Vaupés,2037.0,Total,63.423
97.0,Vaupés,2038.0,Total,64.576
97.0,Vaupés,2039.0,Total,65.704
97.0,Vaupés,2040.0,Total,66.812
97.0,Vaupés,2041.0,Total,67.905
97.0,Vaupés,2042.0,Total,68.985
97.0,Vaupés,2043.0,Total,70.055
97.0,Vaupés,2044.0,Total,71.115
97.0,Vaupés,2045.0,Total,72.160
97.0,Vaupés,2046.0,Total,73.192
97.0,Vaupés,2047.0,Total,74.220
97.0,Vaupés,2048.0,Total,75.243
97.0,Vaupés,2049.0,Total,76.256
97.0,Vaupés,2050.0,Total,77.256
99.0,Vichada,2020.0,Cabecera,29.106
99.0,Vichada,2020.0,Centros Poblados y Rural Disperso,86.090
99.0,Vichada,2020.0,Total,115.196
99.0,Vichada,2021.0,Cabecera,29.298
99.0,Vichada,2021.0,Centros Poblados y Rural Disperso,88.972
99.0,Vichada,2021.0,Total,118.270
99.0,Vichada,2022.0,Cabecera,29.700
99.0,Vichada,2022.0,Centros Poblados y Rural Disperso,91.242
99.0,Vichada,2022.0,Total,120.942
99.0,Vichada,2023.0,Cabecera,29.940
99.0,Vichada,2023.0,Centros Poblados y Rural Disperso,93.364
99.0,Vichada,2023.0,Total,123.304
99.0,Vichada,2024.0,Cabecera,30.319
99.0,Vichada,2024.0,Centros Poblados y Rural Disperso,95.158
99.0,Vichada,2024.0,Total,125.477
99.0,Vichada,2025.0,Cabecera,30.662
99.0,Vichada,2025.0,Centros Poblados y Rural Disperso,96.805
99.0,Vichada,2025.0,Total,127.467
99.0,Vichada,2026.0,Cabecera,30.969
99.0,Vichada,2026.0,Centros Poblados y Rural Disperso,98.335
99.0,Vichada,2026.0,Total,129.304
99.0,Vichada,2027.0,Cabecera,31.168
99.0,Vichada,2027.0,Centros Poblados y Rural Disperso,99.901
99.0,Vichada,2027.0,Total,131.069
99.0,Vichada,2028.0,Cabecera,31.431
99.0,Vichada,2028.0,Centros Poblados y Rural Disperso,101.339
99.0,Vichada,2028.0,Total,132.770
99.0,Vichada,2029.0,Cabecera,31.677
99.0,Vichada,2029.0,Centros Poblados y Rural Disperso,102.744
99.0,Vichada,2029.0,Total,134.421
99.0,Vichada,2030.0,Cabecera,31.891
99.0,Vichada,2030.0,Centros Poblados y Rural Disperso,104.145
99.0,Vichada,2030.0,Total,136.036
99.0,Vichada,2031.0,Cabecera,32.029
99.0,Vichada,2031.0,Centros Poblados y Rural Disperso,105.597
99.0,Vichada,2031.0,Total,137.626
99.0,Vichada,2032.0,Cabecera,32.238
99.0,Vichada,2032.0,Centros Poblados y Rural Disperso,106.944
99.0,Vichada,2032.0,Total,139.182
99.0,Vichada,2033.0,Cabecera,32.420
99.0,Vichada,2033.0,Centros Poblados y Rural Disperso,108.264
99.0,Vichada,2033.0,Total,140.684
99.0,Vichada,2034.0,Cabecera,32.579
99.0,Vichada,2034.0,Centros Poblados y Rural Disperso,109.556
99.0,Vichada,2034.0,Total,142.135
99.0,Vichada,2035.0,Cabecera,32.659
99.0,Vichada,2035.0,Centros Poblados y Rural Disperso,110.879
99.0,Vichada,2035.0,Total,143.538
99.0,Vichada,2036.0,Total,144.886
99.0,Vichada,2037.0,Total,146.170
99.0,Vichada,2038.0,Total,147.394
99.0,Vichada,2039.0,Total,148.564
99.0,Vichada,2040.0,Total,149.678
99.0,Vichada,2041.0,Total,150.730
99.0,Vichada,2042.0,Total,151.722
99.0,Vichada,2043.0,Total,152.663
99.0,Vichada,2044.0,Total,153.547
99.0,Vichada,2045.0,Total,154.376
99.0,Vichada,2046.0,Total,155.150
99.0,Vichada,2047.0,Total,155.867
99.0,Vichada,2048.0,Total,156.528
99.0,Vichada,2049.0,Total,157.136
99.0,Vichada,2050.0,Total,157.691
,,,,
,,,,
,,,,
,,,,
,,,,
,,,,
